INSERT INTO tests (id, name, direction_id, duration, pass_score_3, pass_score_4, pass_score_5, questions_count)
VALUES (1, 'Ядерное, химическое, биологическое и зажигательное оружие, основы защиты от них. новые виды оружия, основанные на иных физических принципах', 1, 1200, 50, 70, 90, 10);

INSERT INTO questions (id, test_id, type, text, image)
VALUES (1, 1, 1, 'Ядерное оружие — это ', null),
       (2, 1, 2, 'В зависимости от мощности ядерные боеприпасы делят на калибры:', null),
       (3, 1, 2, 'Основными поражающими факторами ядерного взрыва являются: ', null),
       (4, 1, 1, 'Выделяют …. степеней острой лучевой болезни', null),
       (5, 1, 1, 'Отравляющими веществами называются:', null),
       (6, 1, 1, 'Какого вида фитотоксикантов НЕ существует:', null),
       (7, 1, 2, 'Средствами применения химического оружия являются:', null),
       (8, 1, 1, 'Какого метода обнаружения ОВ НЕ существует: ', null),
       (9, 1, 1, 'Какое из приведенных ниже средств доставки используется для поражения объектов биологическими средствами:', null),
       (10, 1, 1, 'В основе использования зажигательного оружия:', null),
       (11, 1, 2, 'К зажигательным веществам самовоспламеняющимся в воздухе относят:', null),
       (12, 1, 2, 'К оружию на новых физических принципах относят:', null);


INSERT INTO answers (id, question_id, text, is_true)
VALUES (1, 1, 'Оружие массового поражения взрывного действия, основанное на использовании внутриядерной энергии', 1),
       (2, 1, 'Оружие массового поражения взрывного действия, основанное на использовании атомов вещества и их взаимодействия', 0),
       (3, 1, 'Оружие массового поражения взрывного действия, основанное на использовании изотопов полония', 0),
       (4, 1, 'Оружие массового поражения взрывного действия, основанное на использовании водорода', 0),

       (5, 2, 'сверхмалый (менее 1кТ)', 1),
       (6, 2, 'малый (от 1 до 10 кТ)', 1),
       (7, 2, 'средний (от 10 до 100 кТ)', 1),
       (8, 2, 'большой (от 10 до 1 МгТ)', 0),
       (9, 2, 'крупный (от 100 кТ до 1 МгТ)', 1),
       (10, 2, 'сверхкрупный (свыше 1 МгТ)', 1),

       (11, 3, 'ударная волна', 1),
       (12, 3, 'физические повреждения', 0),
       (13, 3, 'световое излучение ядерного взрыва', 1),
       (14, 3, 'проникающая радиация', 1),
       (15, 3, 'лучевая болезнь', 0),
       (16, 3, 'радиоактивное заражение местности', 1),
       (17, 3, 'электромагнитный импульс', 1),

       (18, 4, '3', 0),
       (19, 4, '4', 1),
       (20, 4, '5', 0),
       (21, 4, '6', 0),

       (22, 5, 'органические химические соединения, предназначенные для распространения массовых болезней среди живой силы при боевом применении', 0),
       (23, 5, 'биологические средства нанесения поражения противника, пораженные токсичными химическими соединениями', 0),
       (24, 5, 'токсичные химические соединения, предназначенные для нанесения массовых поражений живой силе при боевом применении', 1),
       (25, 5, 'все химические соединения, предназначенные для нанесения массовых поражений противнику', 0),

       (26, 6, 'Гербициды', 0),
       (27, 6, 'Арборициды', 0),
       (28, 6, 'Альгициды', 0),
       (29, 6, 'Дефолианты', 0),
       (30, 6, 'Дегициды', 1),
       (31, 6, 'Десиканты', 0),

       (32, 7, 'артиллерийские снаряды и мины', 1),
       (33, 7, 'авиационные бомбы и кассеты', 1),
       (34, 7, 'выливные авиационные приборы (ВАПы)', 1),
       (35, 7, 'химические фугасы', 1),
       (36, 7, 'распылители ОВ', 1),
       (37, 7, 'химические гранаты, ядовито-дымные шашки и патроны', 1),

       (38, 8, 'Химический метод ', 0),
       (39, 8, 'Электрохимический метод ', 0),
       (40, 8, 'Фотоионизационный метод ', 0),
       (41, 8, 'Полупроводниковый метод ', 0),
       (42, 8, 'Метод физической сорбции', 1),

       (43, 9, 'Гранаты ', 0),
       (44, 9, 'Распылители  ', 0),
       (45, 9, 'Контейнеры  ', 1),
       (46, 9, 'Трупы животных  ', 0),

       (47, 10, 'Энергия, выделяющаяся в результате химической реакции горения зажигательных веществ  ', 1),
       (48, 10, 'Зажигательное свойство внутриядерной энергии   ', 0),
       (49, 10, 'Температура в результате химической реакции зажигательных веществ  ', 0),

       (50, 11, 'Белый фосфор ', 1),
       (51, 11, 'Пирогели ', 0),
       (52, 11, 'Напалмы ', 0),
       (53, 11, 'Пластифицированный белый фосфор', 1),
       (54, 11, 'Сплав Электрон ', 0),
       (55, 11, 'Гидрореагирующие ', 1),
       (56, 11, 'Термиты и термитные составы', 0),

       (57, 12, 'лучевое (лазерное) ', 1),
       (58, 12, 'радиочастотное ', 1),
       (59, 12, 'инфразвуковое ', 1),
       (60, 12, 'радиологическое', 1),
       (61, 12, 'геофизическое ', 1),
       (62, 12, 'кибероружие ', 1),
       (63, 12, 'ускорительное', 1);

INSERT INTO tests (id, name, direction_id, duration, pass_score_3, pass_score_4, pass_score_5, questions_count)
VALUES (2, 'Основы радиационной, химической и биологической защиты подразделений в бою ', 1, 1200, 50, 70, 90, 10);

INSERT INTO questions (id, test_id, type, text, image)
VALUES (13, 2, 2, 'Какие мероприятия включают в себя выявление и оценка РХБ обстановки:', null),
       (14, 2, 2, 'К задачам войск РХБЗ относятся:', null),
       (15, 2, 1, 'Какого способа засечки ядерного взрыва НЕ существует:', null),
       (16, 2, 1, 'Что изображено на фото', readfile('16.PNG')),
       (17, 2, 1, 'Расшифруйте сокращение РХБЗ', null),
       (18, 2, 2, 'На взвод (отделение) РХБ разведки при ведении общевойсковой бригадой боевых действий возлагаются следующие основные задачи:', null),
       (19, 2, 1, 'Что изображено на картинке?', readfile('19.PNG')),
       (20, 2, 1, 'Что нанесено на технику?', readfile('20.PNG')),
       (21, 2, 1, 'Что изображено на картинке?', readfile('21.PNG')),
       (22, 2, 1, 'Что изображено на картинке?', readfile('22.PNG')),
       (23, 2, 1, 'Что изображено на картинке?', readfile('23.PNG'));

INSERT INTO answers (id, question_id, text, is_true)
VALUES (64, 13, 'Засечка ядерных взрывов ', 1),
       (65, 13, 'РХБ разведка и контроль ', 1),
       (66, 13, 'Применение особых средств для ликвидации последствий ЯВ', 0),
       (67, 13, 'Сбор, обработка и передача данных о ЯВ и РХБ обстановке ', 1),
       (68, 13, 'Развертывание специальной техники для профилактики', 0),

    (69, 14, 'Выявление и оценка РХБ обстановки ', 1),
    (70, 14, 'Строительство фортификационных оборонительных сооружений', 0),
    (71, 14, 'Обеспечение безопасности соединений и воинских частей при действиях в условиях РХБ заражения ', 1),
    (72, 14, 'Снижение заметности войск и объектов', 1),
    (73, 14, 'Нанесение потерь противнику огневым воздействием огнеметными подразделениями', 1),
    (74, 14, 'Выполнение задач в тылу противника по нарушению управления войсками ', 0),
    (75, 14, 'Захват и уничтожение наземных элементов высокоточного оружия', 0),

    (76, 15, 'аэрозольный ', 0),
    (77, 15, 'сейсмический', 0),
    (78, 15, 'спектрографический ', 0),
    (79, 15, 'радиотехнический', 0),
    (80, 15, 'атомологический', 1),
    (81, 15, 'радиолокационный ', 0),
    (82, 15, 'светотехнический', 0),
    (83, 15, 'визуальный', 0),

    (84, 16, 'РХМ-6 ', 0),
    (85, 16, 'УАЗ-469 РХБ ', 0),
    (86, 16, 'Станции засечки ЯВ К-612-О ', 1),
    (87, 16, 'ТМС-65 ', 0),
    (88, 16, 'ТДА-3', 0),
    (89, 16, 'ТОС-1А  ', 0),

    (90, 17, 'Радиологическая, химическая, биологическая защита ', 0),
    (91, 17, 'Радиационная, химическая, биологическая защита ', 1),
    (92, 17, 'Радио-, химико-, биологическая защита ', 0),
    (93, 17, 'Радиация, химия, биология – 3', 0),

    (94, 18, 'Ведение РХБ наблюдения на КП общевойсковой бригады ', 1),
    (95, 18, 'Ведение РХБ разведки в районах обороны батальонов первого эшелона ', 1),
    (96, 18, 'Ведение РХБ разведки в районе, предназначенном для занятия огневых позиций бригадной артиллерийской группой ', 1),
    (97, 18, 'Оборона обозначенного рубежа и контр-артиллерийская борьба ', 0),

    (98, 19, 'Площадная дымовая завеса  ', 1),
    (99, 19, 'Площадь расположения мсбр  ', 0),
    (100, 19, 'Линейная дымовая завеса  ', 0),
    (101, 19, 'Площадь рассредоточения подразделения ', 0),

    (102, 20, 'Чехол радиопоглощающий защитный ', 0),
    (103, 20, 'Маскирующее покрытие на основе полимерных пен ', 1),
    (104, 20, 'Сезонная маскировка техники ', 0),

    (105, 21, 'ОЗК-Ф в положении «Газы» ', 0),
    (106, 21, 'ОЗК в положении «Комбинезон» ', 0),
    (107, 21, 'ОКЗК-М в положении «Атом» ', 1),

    (108, 22, 'ОЗК-Ф в положении «Газы» ', 1),
    (109, 22, 'ОЗК в положении «Комбинезон» ', 0),
    (110, 22, 'ОКЗК-М в положении «Атом» ', 0),

    (111, 23, 'ОЗК-Ф в положении «Газы» ', 0),
    (112, 23, 'ОЗК в положении «Комбинезон» ', 1),
    (113, 23, 'ОКЗК-М в положении «Атом» ', 0);

INSERT INTO tests (id, name, direction_id, duration, pass_score_3, pass_score_4, pass_score_5, questions_count)
VALUES (3, 'Действия военнослужащего в условиях преодоления зараженного участка местности', 1, 1200, 50, 70, 90, 10);

INSERT INTO questions (id, test_id, type, text, image)
VALUES (24, 3, 2, 'При ведении РХБ разведки знаками ограждения обозначаются', null),
       (25, 3, 1, 'Какой уровень радиации служит началом границы выделения зоны?', null),
       (26, 3, 1, 'Знак ограждения устанавливается при обозначении передней границы заражения – (1), тыловой границы заражения – (2) от дороги (маршрута, направления) по ходу ведения разведки', null),
       (27, 3, 1, 'КЗО – это?', null),
       (28, 3, 2, 'КЗО бывают:', null),
       (29, 3, 1, 'Что указано на рисунке цифрами 1 и 2?', x'ffd8ffe000104a46494600010101004800480000ffdb0043000302020302020303030304030304050805050404050a070706080c0a0c0c0b0a0b0b0d0e12100d0e110e0b0b1016101113141515150c0f171816141812141514ffdb00430103040405040509050509140d0b0d1414141414141414141414141414141414141414141414141414141414141414141414141414141414141414141414141414ffc0001108012e01d303012200021101031101ffc4001f0000010501010101010100000000000000000102030405060708090a0bffc400b5100002010303020403050504040000017d01020300041105122131410613516107227114328191a1082342b1c11552d1f02433627282090a161718191a25262728292a3435363738393a434445464748494a535455565758595a636465666768696a737475767778797a838485868788898a92939495969798999aa2a3a4a5a6a7a8a9aab2b3b4b5b6b7b8b9bac2c3c4c5c6c7c8c9cad2d3d4d5d6d7d8d9dae1e2e3e4e5e6e7e8e9eaf1f2f3f4f5f6f7f8f9faffc4001f0100030101010101010101010000000000000102030405060708090a0bffc400b51100020102040403040705040400010277000102031104052131061241510761711322328108144291a1b1c109233352f0156272d10a162434e125f11718191a262728292a35363738393a434445464748494a535455565758595a636465666768696a737475767778797a82838485868788898a92939495969798999aa2a3a4a5a6a7a8a9aab2b3b4b5b6b7b8b9bac2c3c4c5c6c7c8c9cad2d3d4d5d6d7d8d9dae2e3e4e5e6e7e8e9eaf2f3f4f5f6f7f8f9faffda000c03010002110311003f00fa905f5cef3fe953633ff3d5bfc6afe96ba86a774b6f6f2cceedce7cc6c28f53cf02b361b792eaf120853cc9656daabef5e95a3e93168962b6f190d23732cdddcfa7d057ab56a282b753f8ff0084722c5f1062bde9ca34a1f14aefeef993699629a3a284b892eee3bccf236d1eca33d2ae35e5c3b7cd7129ff008191511f9b39a2bcc93e6d4feb1c1e070f81a4a8d05a2fbff11fe7cdff003da4ff00becff8d1f689bfe7b49ff7d9ff001a65150778ff00b44dff003da4ff00becff8d2fda26ff9ed27fdf67fc6a3a29a5701ff00689ffe7b49ff007d9ff1a3ed13ff00cf693fefb3fe34ca2afd9b01ff00689bfe7b49ff007d9ff1a3cf9bfe7b49ff007d9ff1a65147b3603fcf9bfe7b49ff007d9ff1a0dc4e3fe5ac9ff7d9ff001a6535895e4d1ecd85afb127daa6ff009ed27fdf66817137fcf693fefb35c978fbe29784be16dbdb4be2ad76df49fb4b6d822605e594f5caa2e58af1d7a579a7fc35c68daac972be14f01f8dbc5f15a82f3dd5ae98608562033e6297c6e07b01cd6152ad2a57539a4d1e951cb7175e319c29bb3efa2fbde87bcfda263ff2d64ffbecff008d1f6898ff00cb693fefb3fe35e33f0eff006a3f0dfc40f12db68573a1eb9e0ebfbdcad81f105bf9315e48064c6afd15f1c807ad777a2fc51f05f89b5abad1f49f1768da8eaf6b21866b182f10caae3aa819f988c1e99a74ea42b454e0eebd49c465f89c24dd3ad4da7f7fa6c757f689bfe7b49ff7d9ff001a5fb44fff003da4ff00becff8d47b4ab10c08238e68adfd9b4cf3c93ed137fcf693fefb3fe347da27ff009ef27fdf67fc6a3a297b3603fed33ffcf693fefb3fe34bf689ff00e7b49ff7d9ff001a8e909dbd4e051c8d2b812fda26ff009ed27fdf67fc693ed13ffcf693fefb3fe34ddadb492081495980ff00b44dff003da4ff00becff8d1e7cdff003da4ff00becff8d328a603fcf9bfe7b49ff7d9ff001a3cf9bfe7b49ff7d9ff001a651400ff00b44dff003da4ff00becff8d1f689bfe7b49ff7d9ff001a6514807fda26ff009ed27fdf67fc68fb44dff3da4ffbecff008d328a603fed137fcf693fefb3fe34bf689ffe7b49ff007d9ff1a8e8a0093ed137fcf693fefb3fe347da26ff009ed27fdf67fc6a3a28024fb44dff003da4ff00becff8d1f689bfe7b49ff7d9ff001a8e8a0093ed137fcf693fefb3fe347da26ff9ed27fdf67fc6a3a2801ff689bfe7b49ff7d9ff001a3cf9bfe7b49ff7d9ff001a651400ff003e6ff9ed27fdf67fc68f3e6ff9ed27fdf67fc69945003fed137fcf693fefb3fe34bf689bfe7b49ff007d9ff1a8e8a4049f689bfe7b49ff007d9ff1a4fb44ff00f3da4ffbecff008d328a007fda26ff009ed27fdf67fc68fb4cff00f3de4ffbecff008d338eec11402cccdd1401924fd0026bc6fc39fb4b5a7882e3c29a83787a7b3f04f8b7559745d0bc44d7018cf728582b4b0e331c7214708d924e39033401ecff00689bfe7b49ff007d9ff1a3ed137fcf693fefb3fe35c5d8fc62f036a5aedbe8d69e28b1bbd5ae2f1f4e82ce12ccf25ca2ee78c606385e73d0815afe24f1ae81e0d6d3935ed62d74a6d4ae56d2d16e1b066949c051e83240c9e324530377cf9bfe7b49ff007d9ff1a3ed137fcf693fefb3fe35c6a7c5ef0636b3ace907c456a9a9e8d035cea16aeacad6f12b6d3212472377ca31d4f0286f8bde0a8f55d1b4c6f11daadfeb4aada7445580b9dc095dad8c670ad904e460e6901d9adcdc23029712a9f5de6a2bb8c6a0bfbd964865ed3c6ec0fe233cd63f86bc65a178ca0bd9b41d56df554b2b836b72603fea651cec23e9c83d08e456c1aa52716736230f4b13070acae8c19f4dd66399957ce9573c3ac8d823f3a2b7833a8c2b301ec68ae8f6c7c7be16a4de959d8e5fc0fa498629b52947ef256290f1d17bb0fe55d428c76c5363b75b58a3b78c7eee15f2d7f0eff9d3eb2a93e795cf4b86b27a7926594b0915ef5af2f36d6bf730a28a2b33e9c28a28a0028a28aa8fc4014514575805145285dc703934ee022ab48caa8acccc70154649af25f167c65d52f3c789e0af8716ba4f8835db548eeb58bed42e08b1b0819b688f29cb4cc73c7400735ca7c44f88a3e3278f748f869e02f174f6d64c59fc43ace82e0ba8ddb16d525c615bab1c7381573e2e47e07fd893e07eadfd9da52cbabdc482d2c663c4f7b2382c9e6b8e480724e6be6731cd274ef0c3eaf6bedaf64ff53ecf019453a6a0f169ba953e085b65d6527a68bb1de68ffb24e91acf8a2ebc59e28be9efbc4b35f7da924721cdb4254016eb9e04639c62bdaefbc2b0ddb18ec350974cba89551becb8036e4755e84e0601ed9af9aff61bf88dab6bdf0af40b4f1278a0cde205ba9e4ba82fa2fdf4d6ecd8882b93928ac701875e95f4ceb5e2cd2bc377a62bc936dcba6f2a884b14ce33eff4eb5e4d1861ebc23564968ed26deeb75d77bfea679ccb33a78c784c449c9c2ea2ad649792eda1e37fb49e8ba16b5a5dde83e22d3a0fec77816f2d1ae1fcb4bdbe527cb88c8394390067fdaaf863c55f11bc20bafc3637ff000a61f08db41a7aa5a2c307d9ee6d2fc646ef3b83e5bb72afea0fad7befedfde2cd77c63a6691e1ad0ccb63a25e5a4d7d2eb170804505d5b82f1c01bf81df68e0f272b8af0abad4a2fda33f676f01f893c4513dcea724f77e1ebbb85255e2902178db3df6c8a0807fbe6bcbc4d0846abf63a413d35efd5796ff0071fa3f0e469e1f0b47eb116e53e6b2bbe9f85db493beaae9aea8f78f807fb474f37fc235e12f13da6b37c75694dae8fe2abbdacd7720c930dca0e6365c100f70066be98ee47be2bf2dfe1278b358b6f0d456897d67e61bfb7bdd2e432959adb5140240a5cf0ab22a323fb9afb9fe06fc71d57e2478afc6be12f1569961a2f8bbc38d05cbdbe9f296865b59d728573c9643f2b30e3915f559463dd58fb0aafde47cc71a6431c15778cc2afddcafd6dd774bb5b7f3f2b1ec345457d776fa6d949797b730d959c632f7171208e35fab1ae27fe1655df8999a1f0368926b6a0956d6350dd6da7c7eea48dd2ffc0473dabe95b67e60772ee2389e57748a08c6e796460aa83d493c579eebdf1466d5ec355b1f87d633f89f5d5b79560be8942e9f6d36d3b19e66e1f9c7cab9cd5a4f85e75c992ebc6dabcbe299d4ee4d3d01b7d3a13fecc2397fab93f4aede1862b5b78edede28ededa3188e18502227d14702b39376d40f0ffd9dfc0ff1823b74f13fc64f1bcd7fad4e87ecfe16d3d238ecac81fe294a8f9e43e99c0af73a4c7f8d2d7300515afa67866f35250e008a23fc6fdfe82b617c06bb79bb6cfb2d00721457671f816051f3dc48c7d80150ddf8170a4db5c64ff7641fd680392a2ba6b7f02dc3f335c247eca326acb780d76fcb7673eeb401c8515d741e031cf9d77ff7c2d25c780fe5fdc5d7cde922f1fa500725457551f81242bf3dd286ff006569f1f80fe6fde5dfcbfecaf3401c9515d84be034dbfbbbb6ddfed28c573daa68975a4b7ef93287a48bc83401428a28a0028a28a0028a28a0028a28a0028a28a0028a29ca8cdf7559be8334011c90c7710cb0cc098268de1900383b594a9fc706be6ad07f670f127fc223f0f7e19eb2d671f837c17accbaa2ebf6b3e6e3508d7cc36b1087ac6e0cbf3b1383b38eb5f4dfd9e6ff009e520ff809a6fd966e408df07fd9a00f91b53f80bf1420f027c35d2f47d274db1f1278367bc5feded37545b79af3f72f1dadc16284e06f1bd1b9c0619e6bd57c5df0f7c59a878dbe1ff8abec7a4f8aef34cd02e345d6acaf5c4503dc4823905dc608230268f95eb83c57b0ec287054a37b8c1a5cf4a00f973e267c06f889f13ae358babab5d22caf2fbc33636cde55e911cb7f05f8ba92df206e11328da1fd4d696b5f0f7c5575a9781ad743f86d65e1ff000df85f5992e4dbcbaa09d4acb6b246db411b997cd989639fbb9c57d21b4673819346075c73401e11fb2d7c27f17fc2f93c69278badecede4d69ec66b78ac2ebce8a26860f29e35181b50606debc75af773cd0140e9f435cc78e3e28783fe19daadc78b7c51a5f86e265f311751b911bbaf4dc8bd5867d05033a8e94565f87fc4167e2ad16cf57d2ccd75a75e4625b79da064f310f46dad8201a280d0d4fe2268a3d7eb4504ad828a28a061451450014514538fc40145145760095e71fb426b2fa6fc2dbbb0b6be934cd4f5fbcb5d0ac66833bfceb89029031cfdcddf857a39af16f8e0f73a97c66f80da2dbb43220d6aef5a9ad65ff968b6f080ac3dc17e3deb8b1d5151c2d49be899eae576faed297f2bbfddafe8741e2af87fe07fd94bc16ba969965259e9a9379d722d40c894200a477c96000ef96afcf2fda77e30f88fe3878faf21d5b5158745b3d5bcdb0b268b610eb1ff0010f6e95ecffb69fc5abdd6be3ee87f0d641358787f498edae6ee776391712b970cc7a32ae54fa75af9875a12cd6691595a87d7a3d4ee96f2599b0b22380d14809ebb8ee00f4c0afcd79e4e4e74d72c5eab5d8fe86e17cb6854c2d3c7639ba9567757b36d2bdd7ae8aeedf3d2e7d1da2fc7297e08dc4fe25fec9b6b9d6d23d3343b281dbceb68c791e6990bf6ce49c0ea7e95bff10bf6bcd5fe397c11d420bdb1b7d0bc4906a96ff65bab291d4bc60990ed3d47dc00f3d0d79b78c869ba5ea3a73dea085ad67b1b9b9b45432c2cd258323b29ff00664c0c76e6b234cd62c97c33e33b8b4b78a28e2b8b28a249a3cc6d9041da3f84f7dd58d49ce31f670969bb3eb70993e0730a8b1b8aa0dcd4a3cb2775d52b6faaddbf57aec749f1fbc69a978fbc21e14f16c3792af87fc45b63d474b0498ad753b6e0b0ff007f7139ef597f00e4b85f85fe2a717705bf87a3f1559c46ddb025827c0632c64f6600822ab6bb7d6f6bfb39fc3ed25bca8f5293c41772c4919dde6421998cce3baff0ad526d34784fe0ce917491c66e75fd5a6d4fcc9dbf771471218c00a3b92c4927d16b1a94e4a0e317d17dd7fe91ae1b0ea785a7878454792bc96a95da5b59e9b452d7cba9c1d8ea56fa8784ed2eaf2cbc9b0bed7350d923304492345211768e436e6e0f4e315dd7c2ff00891acf87ff00686f871a8e911b5bebd79631691a95e6b10b18a4865768e2908072e36ecfc54556b7f86f613f8075bb999a596eb4d4b1d034491a5ded71ab4f3896e0c083aa056c647422a87c68f1359b7c40f1241a24ef2db6831d969b0a30fdecd2dbafef0abf5501cb671df15e9539fb1afed69c5d93f96ebfcff03e72a379c61bfb32bb6e5ef272b2bd943eeb75b5bc933f4b6dfe14d949a90bdf15df5c78c758858e1b50c2da44c3fe79db8f900f4ce6bb4cfeed5400a8a30aaa30a3d80ec2bccff671f176ade38f82be1ad535ecb6ac164b59e42c18c9e5b6d56623b95c66bd32bf4da725520a6ba9fcbf8ac3cb095e78796f06d3eda37b074e28a28a73f84e50addf0ae8eba95d34b2ae608ba8f53e95855df7836309a2ab0eaeec4d7281b80050001802968a2800a28a2800aa5abeb5a7f87ec64bdd52fedb4db38fefdc5e4cb146bf566200abb5e13fb5b789fe1e7867c27e1c7f1df8522f1cdedceaf1c1e1ef0ecaa8c2ef50646099f3088d42aee25e4f95473d71401ed5a4eb161af58c77da65f5b6a36527dcb8b495658db1c70ca483572be7cfd8e3e17cff000ebc2fe2abdbc9b42b3bcf11eb0fab49e1cf0c4e25d3744dd1aa8b7888e09f9773b000166240c57d0740051451400545716f1ddc2f14aa1e361820d4b4500780f8f3e247863e1f78badbc3fabdfcd677b74ea22df0128aacc152491870b1b3b040c7f8b8ae9194ab104608e08ae2ff0069bf81737c4ef1369f7705f5b595a5ed9c3a76acd286f385b4376974861c7058ba6d39e81b35db4b279d233e36ee39c7a500328a334b1a34a708a58fb50ac027f3a435c17c46f8fdf0e3e13c0ede2cf19e95a5cab9ff00445984d7071d8469939af206fdb03c4df112536df07be0febbe2b46e06b3aea9b0b21fed0ddc915ea51cb71559732872aeef4fcc873513e9e00b70a0b37a0e6b3b5ff11693e14b56b8d7757d3f4581464c9a85ca443f535f3abfc2dfda47e27027c61f13f4af877a6c99dda5f846d7cd9f691f74cadd3ea0d68787ff0060cf8576774b7de248f5af883aa757baf126a0f2876f5280815d1f53c1d1ff0078af77da2aff008e885cd297c28bbe26fdba3e0cf876e0da58f88aebc5da86768b5f0ed94974c4fa6e0315851fed55f127c6237780ff0067ff0010dec4cd88ef3c4570b65130f5da7915efbe14f01f863c0b6ab07873c37a4e871281ff001e368919fcf1926b7da6793ef3b37d4d1f59c0d2fe150727fde7fa20e59cba9f3379dfb5c78a948107807c076ee7a396bb9d3ea686f80bfb40ebedbb5dfda1dacc31e63d0f4958c0f604d7d2db68a1e6d523fc3a708fa457ea1ecd773e6893f63ff1ade7cf79fb45f8e2693b34688831f4cd22fec7be33b53e659fed15e3a86e07469151d7f2cd7d31edd28fc70697f6c636dbaffc057f907b389f348f853fb4bf8297cdf0efc64d1fc611c7c8b1f1269a10c9ec5c54ba4fed65ae7c3fd62d344f8ebe059bc012dc482283c4da7b1b9d22663c0dce3fd5e4fad7d21c7b1c563f8d53c3d2f856fed3c622c5fc3577118aea0d50af932a91d003fc58e9b79cd3fed1856d315453f34b95ff00c1f993ecedac4d68658e78629a2952782541245344c191d0f219587504557d6356b0f0fe9d26a1aa5f5be9b6318cb5c5d48117e833d4fb0e6be5bfd9e75df147853c59e2bf83be17713f87b4f45d6bc35ad78991d65b7d2a56dad12c27e69764990b92062bdff49f863a65aea11eabaddc5c78b75c4395bed5b0d1c27fe99423e48ff019f7af37134561ea3845de3a34fba7aa66917ccaeca69e39d7bc6431e0cd1fc8b16ff99835e8da2871eb141f7e4f6ce05731ab7ecafe0ff1a7c42d07c71e3692efc6de24d1e268e13a911f632c5b721f200c00872557a64f35ec9b8b10c4927dfa0fa578778f3e2978ebc2bf1ba1f02c6747b6b2f14e9ad27837529ed1994df4441b8b6ba60dce13732e3af15ca51ee5e6487a1551d02e3a7b71c0a2a3b733476f124b22c932a0123c6bb559b1f3103b0273c51400f63c9f4cd26e1c9e807ad39bbd797fc70f8aba97c267f03bda43a4bda78835e8743bab9d5a568d6d04809128238c00a7afa8a00f4ec8fc696bc2bc11fb5069f79e12f11f88fc672e9ba5e9da7f88aef42b29b46df73f6a4b7203dd63fb837025870a2babd53f68bf03e8fe3397c2b7171a9c9ac47771581f234e91e0f3e484cf1a0947077440b0f61401e9545799e83fb497c3df13787ef759d3f57b892d2d6086e0c72da3c73cf1caccb134319e64dcc8ea31dd48a59bf690f87d6fa868768fab5c1fedab28351b3ba4b3736ff679a5f2a37924e899908420f4240a00f4ba2bcf35bf8fde0df0cf89353d0356b8d434ed4b4eb77ba945c5932c72c6b208f30bf4909760a00ea4d5287f698f87f717f1d9db6a37d772c9716768ad6f60ee866ba56681370e3276383e8548a71f880f50a2bcb349fda7be1d6b70cf2db6ad74b145a736aa5e7b278c1b7139b70573d59a505157a922bd07c37e22d3bc5da0d8eb5a45cade6997b1f9904cbdc670411d8820823b106baee80d13dbd73815f9c1fb407c41f165e7ed95e25bab1d4667d47c0f2247a1db020410da9844932b0fe26624923b815fa3e7d857e7bfed1be0983c03fb674faf6b4b7161e1cf1bc08f6daa64796974b108df24f4c10063d1f35e2e75172c14d257bfe5d7ef47dbf06fb0fed8a7f588a946d2d1f7e576f5d7a1c6fed3fae0f1afc62d33c71a5ddaeb36dabe816f776ed6284acb242c5644d9dca95c63deb9df14d99f115debbade9263265b48b5216a25dc2eac19402b00c7de89cb657a8cd67c77b6b1f8774bd1d23fb2f88bc377934515b432309efac6504b189ba078cf200ebd6b2fedd6fa1786f4ef056a3ab496b7b6b746eb4fd4b1ba210ca3fd62b28c818c6e53debe0e34e11a4925756d3d12f23fa4300e5838d3c2464a0e95d5daeb7d2daf54acb45f8eb774c8ee35cb1d42e63d5a3789ed6de796d6f24d8ca132800cf5209edeb9ae8bc1b79a8eb5e11d6888636b1d42e0da5c4ccb96678a07711a9ed8201cfae2b9b934f5b4d3e5b6b7bdd3fc617365fe9c9ab69703a328c6d686656c00bc83c722ba29db51b395a5feceb6b7d43565b5964785c8b50ab8f2dbcb1fc4c0727b8ae3ab08c1b9499f5d4f115b198751c34528b6dfbc927defa5f5e657b5f6b79173e307875749f80bf0d751d3a659deeb4f8534f9ad1bf7d35cc928f3a12a7902300838ea4d33e2c697ad7c40f1a5fd8da68b2be9fa6d9436c96da3e4c50e0292180e048e4fddf6aade21d06e64b3f0fdfdf5ca69e348f36dad8dbb79cb6e44844930849f90f208079c559f08f8cbc59a4fc33d734dd061bcd1e4d4276d4f57f11dc3a869e046099b48bd7182dce6b6bc651e65a6ff009ab7a9f20e8e2b06e151af697f763d15aedcafd1377b35e4ad6d855d1f5af85705a6bb7e5478eae4fd87c2de1a4984bfd970ed25eea51fc322839ddd724d72dafe9bff0008df82afe2d41c36a774c34fd2811fbd90cedba7be909192adcedcf39351ff00c213aae9b7d0cba65ea6b1737a05db4320335d48bc95f325cfc831f315cf5c03505a6bd7d278a3ecd7708f18f8a2eade5820b1b2fdecd6b2c802a48c1723720e8bd17dab752a951c54754bfaf90a1845848549626a72c9df5ba5a7937ad9a6feed3b9fa03fb0bf87eebc35fb34e81677b732dcdc1bdbc76f38e5a31e69017f4cfe35efb5c7fc21f00db7c31f861e1cf0d5b7da0fd8ad15a66ba7df299dc6f90b1f5dc4d7615fa7e1e328d18465ba47f25e653a7531b5a7497bae4ed7feb5f5ea145145693f84f382bb4f045f2c96725a93f3c6db80f635c5d58d3efa5d3ae92788e197b7623d2b940f53a2b2b4bf115a6a718f9c452f78d8e3f2ad4dc0f20e680168a679c99c6f5cfd698d7902b85334618f41b85004d5cd78e3e1a784fe2659db5a78b3c39a6788edada432c116a76a93ac6e460b28607071c66ba5a280399f03fc32f097c33b5bab6f09786f4cf0e5bdd389278b4cb5481646030198281920574d4531e68e3c6f91573fde205003e8a40430c839149bd738c8cfa66801d4535a45552ccc028e4927815f3efc6efdb7be187c1f99b487d6cebfe267cac7a2e8086f2e8b7a613214fd4d7450c3d5c4cb928c5b626d2dcf47f18df2ddea82243b84236fe3deb85f1a78ebc37f0df4b6d4bc57af69fe1db2519f33509950b7fbabd4fe02bc064f10fed19f1d94be89a6587c0ff0bcdff2ff00ab0175abca87bac7d10d6d782bf625f87fa16a8bae78ba7d4be27f89b7798da978a2e1a6456ce7e4873b473eb9af53ea587c3ffbdd5d7f963abf9bd919f349fc28c4bcfdb3aebc757d269df05fe1aeb9f10ee01da356bc8cd9e9a87a6ededc91dfb5364f81bf1cbe31286f89df1413c1fa349f7fc37e095d8db7babce7f238cd7d336b0c563691da5a43159da463096f6d188e351e9b471527f2a1e654e86983a2a3e6fde97e565f243e4bfc4cf21f873fb25fc26f85d32dd695e11b7d4754cee6d535b637970cdeb97c807e82bd7c31585225023897858e301540f4007149457975b115b10ff7b372f529454760a9aced5efae9208954cac091b8e07150d6a785ff00e43d6ddf86fe55cfb1449ff0896a6573e547b7ddc51ff089ea7ff3ca2cff00d7415f325ef886e3e09fc50f156a5e18d76f75d93c43a6eeb5bfd5753179637d7d25eac2657453fe8e96bbc21518de0fa8ad1d43f6bcf1bf87350d2b45bdd0adf5ad4d91acaf752d1a02f671dcc5a8a5b3dd312d95b774638ea43715f4bfeafe2aa72cb0ed4935d7dde9ae977e9bdfc93d165ed22b467d15ff00089ea7c0f2e2e7fdb14bff000886a9ff003ca3ff00bec579d7c11f8f9adf8f3e2d7c46d17561a7b786f475fb56977f671b2030ac8f1c8accc7e72a5396000ce40ae0bf627f8b89e33f1ffc41b26d4755bc7d64af88e38b5486489602d2bc4f1dbefe1e20ab11caf1f35615325c5d2a75aa5456f66a0dadeea5f9596e52a89dadd4f7abef0edfe9f6ef3cea8b1af52ac0d606b5ae69be19d3defb57bfb7d36c81ff005d74fb413e807527d85777f1321d5ee7c17791e89776b61a83b205babc88ca910dc3736cfe238e83d6bc8f43f863a569ba82eaba94b71e27d7473fda7ac112143ff4ca2fb918fa0af016da9a1413c63e25f197fc8a5a40d2f4e6e078835f8ca023fbd05bfde7f62d8157b46f867a5d8ea0baaeaf3dc78af5d5e7fb4358c48233e90c5f7231f419aec198bb6e6249f5354b5ad774df0be8ba8eb5ac5cad9e93a6db49797970e70238917731cfd063ea6aa29c9a4ba8af6d4f1cb390eb1fb706af2c4fbc685e0386d6ece7a493dcef443efb5735ee02bc3bf651d2b51d5bc3be26f89daedb35aeb5f113523aac76f22e1edf4e41b2d22f6f906ec7fb55ee35e9e62d2adec97d84a3f72d7f1d0ce9ec15e31f193e07788be2eaceff00f092e9fa46a1a66a367a9784f508ed9cc9a3c90b6652f83fbcf34707db8af67a2bcb3422b7def6f11bed925eec5f3e480158d9f1f3151d8139c0a2a5a28015b8cd798fc6af863af7c4cbaf87e7485d265b6f0df88a1d7af21d54b113a46a5444a00239dc7afa0af4d6ef5f35feda7e21d4341b6f87434cd6ae3469aeafefd66f2afa4b58a445b47752ee80f2ae14a83f79b03bd0060f89bf647f1ff89be1ff0088bc2b6fa8f86b4fb5d67c43aaeb056dd64f923bb402389580f97cb65f99470c0f3d2bacbcfd9efc670f8e878a2e2ff474d32cf56d3b599630d2093c9b3d35ed5d40c7de624b0f6c0ef5e6fa2f8a7c5bf10bfe164dfebde2ed4f448f48f0e79f67a1bc52da5fdc422c12582ec6df957f7dbcb63924ed358ba87883c41e1f97c0eda378abc4571adea1e0cd0b56b3b1b8bc9255bdd465bf8d27ca91ce6267041e31f4a00dbf82ff0004fc4fe3ff00827a4f88f4ed4b4db1b8d4b49b3d1ed6deee19108b4b7bc9a59bccc8dd1cc4be148e8067bd6c37ec7fe32fecff0002595bebba140de1ad0a3d223d40bcacf04ab7bf69fb4a4446d97e5c2857ee49ed5b7f01fe26eafe2bfda5bc7fa64babde6a7a1b69f34b10ba8da2417305eb42db22c623da985e0fcc14377afa671ec2803e69f8a3fb33f8dbe2b6a9a7ea5ab6bba0bdf5ae94b148cd1b98ae2f92f56e57728e9032aed207209c8a4d4bf661f10de7c56b6f1959af86b488ad754d22fedf4db39a5486de3b48e45962080618bb4990c7918afa5f1f8520ceec6dc9f6aa5b81f1ed8fec47e278f43d4ecaf35ed15ae2e74e48c4dba49564bb8f5237912ba9c620da7cb20723935f57f85f4b1a1f876c6c8e9da7e90d1a7cf63a5022d616272c23cf3b724f3df350789bc71a0783e48a3d5afd62b99881158dba996ea5cff7625cb7e278af0ef86ff103e3cfc56f88dacc575a0699f0e7e1e68fa83db9bcbcb567d4352453f2ac4ac70095c6e7e833c735d29580fa36b91f8b1f0b741f8cbe03d4fc29e22b73259de467c9b88d479d67363e59a227a3038fa8e2baee3b0c0ed45392525692b970a93a525383b35d8fccaf167ecfff00137e1aea17b69acf842e7c791e94b04d61e23d148489add32cceedf79640a31f5f5af1fb5f1c6836da56a3aacb6d7d25b5a5d313a6dd005648d89116d9473bb2707d735fb2bb9b6327f030c321e41078208f423b572775f097c0d79a95aea13f8374496ead0ee858da205460720edc60907919af97af91d29cb9a9bb27b9faf65fe22e2f0b4daad794946c9e9d17bb7eba3b3dcfcc1b5fb6e9fa7cb1dfc179a25c4172249f4798a8f25e450cbc75605300e7a56a68bf1292dfc61a8471e94ae7c812dba4670904a8819482dd71b7a0f5af53fdb756d7fe1a0196736765a7a695676f34b145fbd59e6323f98cabcb7dc009ec0d7a6f80bf67f9be2a7882d3c59a4c7a64be1a1a21d29801b64170a811dc6472c1bbd7c563b0f2c262274edcd157f95bc8fdaf0dc5386ab9251c6e2bdd724dcafdf4d3b5e5ab5e499f3b5f7c42874af0b6ad1ea3a1aea37b757f1ea3aaea5090ac63901cc20ff06e271f85715e30d5aebc2bab3787b514d57459b47b88f50d323bcb373bd24192aa402a4104679c1c57a07ed19e069743f1278cf4dd3912c6fe4b4b68ef218702ce56f27aae7a173bb1ef9f5afd0bf863acd978bbe177837558edade7827d22d4c626855ca158c295e41c61948af5f2bc0d3c7a945c9a71dac7cd713f1557c96961f1185a3174ab7bcd3bb5e56eda5b6d969d4f877e15fecd3e33f8c1268f73e23f08dcf857c2f7223bb1a8c776b6ef2db97dce1a21f39671d01c601afb7fc17f0a3c13f0e1224f0b78574cd15e14312dd4100fb4b29ebba43c927d6baa6dcf8c9e074a5c1afb5c1e5d43051e5a6afea7e059df12e3f3eaaaa626564b651d3eff009681838f534b4515e99f2a145145673f84028a28ae500f7ef52fdaa603025703fde35151400ef31f39dcd9fad26e39ce4e7d734945005c8758bd8176a5d48a3d3754b1f88b528ce45db9ff007b06b3a93228034a7f106a370bb5ee9f1e8bf2ff002acf6919b2598b11dc9a6b308e192691d218231ba49a560a883d598f02be7df19fed91a0aeb92f863e17e8979f167c62ade59b7d1d7fd02d9b91996e3eee01f4aecc3e12b62a56a51bf9f45eac99494773e8a5beb8820924374d04110dcf24926c441d72493815f3f78f3f6d3f09e99ad3f877c0f69a97c58f18eed8ba7787559e08dbfe9a5c7dd033e95cdc7fb387c44f8e72477df1d7c6725be904ef4f02f84e5305a28feecf28e5cff857bf7817e1ff00867e18e8c9a4f84742b1f0f5828c14b184233fbbb7563ee4d7a2e960b09fc67ed66ba2d23f37d7e447bf2d5688f0393e117c6df8f989be29f8cffe15ef8624ff009947c2127efd97fbb35c7ae3ae2bd7be16fc06f007c17b4f2bc1fe18b3d36e5bfd66a52af9d7729f5695f2d93ed5defbe296b96be655eb47d9c6d18f65a2f9f7f995ecd2d64072cdb98e5bdf9a285cbf4e4fb5457775069d1b4979710da46a325a79153f99af2dbe5d5e886da82bc9d912d15c0eb9f1f3e1d787e468eefc5da7bcc3fe595b3f9ac7fef9ae6dff006aaf07cfbbfb334ef10eb58e86cf4d7c31f6245714f1d8686f35f99e7cf32c1d3769555f7dcf62a2bc65bf69199b6983e1a78c2546e85ad429fca9c9fb52787ed79d6fc35e28f0fc79c79b77a7315ffc77b566b31c2b76e73359b60ef6752df267b256a785ff00e43f6bff0002fe55c6f83fc7be1df881a7bde787358b5d5624e24589be78cfa32f515a3aa78cb4ff0001469aa6a9a85be9a8388fed27e6933d9107cce7e82bbe138d48a941e8fa9e953a90ab15383baf23634ffd9c7e1ae9b278a9ed7c21a7c3ff000942345aba856db72ac72c00ce1016f98edc73cf5abda6fc0df01e91a5d9e9d65e1ab482cececa3d3a18977616dd26132a75e7f7803e4f24d70bff000b57c7de38c0f0ee990f8674763ff21ad721267907fd31b6073cff0079ff002aee61f17eab1c28af2432b8401a431e371c7271db3e95d92c5e2a6aceacbef7d15bf2d0bb2ec3f44f821e07f0d5ff00882f74bf0e5ad8ddebe92c7a9c909606e524259c1e78049278c7535b567e02d074fd4748d42db4b861bcd22c8e9b6332020c16c76e621fecfc8bd7d2b17fe133d53fe98ffdf14bff0009a6a5ff004c7fef9aca55ab4db739b7f3f97e5a7a02b2d123a2f1730fec09feabfceb81f5c8c569ea1e24bed4ad5ade731f94f8ced5c1eb59672bcf51dea168862f2cc30335f37fc5cba7fda3be2945f06f489243e0cd0a58b51f1dea5037c92153ba1d355bbb3100b7b0ae97e3d7c64d5745d5ac3e197c3948f52f8ade208cf93de2d12d4f0f7b707f87033b41ea6bb3f837f08b48f823e04b5f0de932497936f6bad4754b83ba7d46edf992790f5249ce3d062bd9a10781a6b153f8dfc29f4be9cde8becf9993f79f2a3b68e38e1548e189218111638e28c61515461540f40001f853a8a2bc66eeee6a145145200a28a28015bf8aa292de299712410cc3b09a257c7bf23ad4adf78d250035a3466dcd1c6efb76ee645276fa138e47b74ae517e1bd8c7f15bfe13f5bdb85d47fb20689fd9fb57ecab0890c81d4632afb8f515d6d0b1b48db51771f4a006ac68a72b1c68ddd96350c7ea40e69c033300a324f418c9ae475af8a1a3699a8369760b71e25d707fcc33464f39d7feba3fdc8c7bb1aa5fd83e30f1903ff00090eacbe14d2e4ff00983e8326eb971fdd96e48e38ebb05006b789be23685e16ba5b19ee64bfd61bee691a6466e2e98f6caafddfab115926d7c73e32522ea74f01e92fff002ef68cb71a9b8f4693ee467d8671eb5d2f867c27a37836cdadf44d361d3d1f99248f2d2ca7d5e43f331fa9ad5c7e069adc0c2f0bf81342f06ef7d2ec02de49ccba85d319eea53eaf2b649fa0c0adf6667e59998fa939c52515d60145145300a46fbbe94b4f823f3ae224ce37305a1ab81f9c1f1c9c78c7f6c5f17e8532c30dade6a769a62dc11b9d1bc8440c09f4c938fad7d47fb34ea1ac693f16fc4be04f3639741f0dc16da47d9091e599957cc96752390c576e7d4d7907c3bf868df19be25fc45f8b57fa6431786348d7efe7859e4224b99ad88455283a6d09bb3dc9ae57f635f8cc35af8a9f14752b8b95b5b9d6350f3218d6602e2477560a067e5c2819622bf2ac5caa4f195aadafcaf6f9d8fe83af5e18bc92865d8692928d357d2f6a8fded3cd456b6dbef3d83e397c22b2f1afc4af8d1656cf3dceac9a4d86b367616a37492ce03215f71d38ed9af54fd996f24bff00d9ff00c0af38459e2b236f22226cdad1c8c8415ec78e7debe7df80bfb4369fa4f88b4bd7b526b87234cbdd3f59d6de4c8132cee625793a02514b8ee715efdfb3d6bf36b9e19d73fd13cad2e3d50cfa66a088522d4609e3597ce8c1edb895fc2bd9c869ba55e51e56b4ff00827cd714d4c4c72ba784acef0a6e0e2fd21c8d2f5e552f99ea5451457def99f9085145148028a28a89fc201451457280514514005149cee000e4f4af30f8c9fb487827e08b4567acde4daa7896e462cfc33a3a7da2fee1bb0d8b9d80fab56f46854c44fd9d18b93f225c94773d4554c99c718193e807a93d85783fc4afdafbc2fe15d79fc2be0bb0bbf8a1e3c2762e8be1f1e6450bff00d36987caa077c5726ff0ff00e31fed42a26f1f6a137c24f87b310c9e15d164cea77c9d717137f064751fa57bbfc32f857e11f83fe1f4d1fc19a15ae87678c3c90aee9a6f79253f331fa9af5fd8e1705ad7973cd7d94f4f46fafc885294b676478627ecf7f123e3ecb1dffc73f14b695a096df17807c2b298e00bd96e6607e738ea39ef5f41782bc0fe1df86fa1c7a3785744b2f0fe9918c082c6209b8fab37563ee6b6c60718e07f0d51d7bc41a6785b4f7bdd6b51b5d2ad1064cb772045c7b67926b831798d5ad0f79f2417456515fd77dc1f2534e5291a1e83a01da85467fbaa49f415e3375fb461f125d3d8fc38f0a6a5e33b9cedfb74a86dac90faef6ea2a393e18fc4af884a5fc6de355f0f69efc9d1bc34bb4fd1a53cd7ce4b1d0969422e6fbaf87ef3cd798c6a3e5c2c1d47dd68befd8f40f17fc55f08780509d7bc4563632f6b612799337b045e735c17fc3406b1e2d631780be1eeafae293f2ea1a88fb25b7d79e48aedfe19fecf3e00f0cea45ad7438a5ba543236a37edf689f8ee59f22bb5f02f88bc15f12a4d4a0f0d6bcda8ff0066cbe4dc471a98c47d4020103729c1c30e38a3971551a552a285fb6afef664e38cacd46b5454efd16afefb6fe878a1f077c65f1964eb9e33d37c216afd6d342b7f32503d3cc3dea4b2fd96bc1f24c27f105e6b5e2dbbce4c9a9debeccffba0e31ed5f49ffc20f6609066980f4c8aa7abe83a4683a5de6a57f7b2c165650b4d3cac722345196271ec2abea143e2abefbf3bbff81f81a2cb30cbdeab79bef277ff0081f81e67a1fc31f07786a354d33c2da4da6de8c2d959bf320d74d1e21c08d522006008d02e07e029df0ebc45e0df8ad0ddcfe19d52eafa1b52a25692de4840dc32b8dea3391cf15b3e32d3f48f06f866ff0059bebd961b6b44deefb0b9ea0602a8c927d0575d38528a4e9256f23be8d3a318af631497925fa18fe7483f8db27df9acbf1478ab49f0a587dab5fd42decad986d45b8c3bcdfeca27258fb015caaeb7e31f1a30fec4b01e0fd1d871aa6b11efbd947ac56fd107bb9cfb569f86fe1d68be1cbe3a9159b5ad71fefeb1aabf9f707fddcfcb18f6502b6b292b3fc4e8b464b965b1e2ff0010bc17adeb7f68f1e7c38f0fff00c2bdd4b4a824ba1aa5e288a5d52251968fec838008ce19ff002af57f873e13d06eb4ad2bc58ab3eb5abea5691dd7f6b6aefe7cebbd4122307e58c0391851527c6af147fc22ff000bbc4776332de5cdbfd82d22ce5a5b89bf76883d793fa56ef82fc3ede14f06e83a2bf2fa7d8c36cdfef2a8ddfae6b829c553c54a9d35656bbed7e96f547974a30a58d9d3a4ac9c537daede8fcb446d33166dc4927a1f7a4a28af40f5428a28da58e00c9e9fe7de8e97011abc73e3bfc78bbf00ea161e08f03e9cbe27f8b1adae34dd25798ec90f5bbba3fc08a3900e3359ff0018ff00682d4f4ff152fc34f857651789fe295dafef5fef5968311eb3dcb0e032f509ff00eaae97e05fc06d37e0be9f7d772dfcbe26f1beb4de7ebbe29bdf9ae2f643c9453fc1103d147a57b34b0f0c2c162312aefecc7bf9becbf3317272d2233e03fc0bb6f839a4ea17ba86a0de25f1e6bcff0069f1078967e65ba94f3e526795897a051e99af52f7a4db8e94b5e6d6ad531151d4aaeedff565e46aa2a2ac828a28ac0614514500145145002b7de3494adf78d250015c7eb7e07d43c59a95caeb7e20b95f0f6ec43a2697fe8fe62fadc4a3e663fecae05761450051d1343d37c33a7ad8e91616fa659aff00cb1b640a09f563d58fd6af51450014514538fc4014514576005145140054968c23ba85d8e155c13f9d47453f203e51f833f0d7e2fcde15f18783ad753d3bc11e1ebbf165fcb7b752c465d4268e4977b7943eeed752006fad7cef75f0cfc27a87877e25eb3a3d8cd127850ccd0dc5b82904b71f68da230c0e599541c9e87757dd7fb4a6b9a9e83f03fc512e8ccd1ead770ae9f6d3a3ec30195b6b49bbf870bbb9af90be0ebdfebdf0efc77e1fb4b765f861068e74ad3da3015af2fe420f9eedd4b0604e7a018af80ce23470ad24ddf77e87ee9c2f8dc54b0d531908a8c2f18ab593d2d76deb76d697763d17f62bf873e1df88bf02fc53a4f883c391b6913f88e3bb0bb8af9ee88aea3777087e5f70c6beadf0af85f4df057876c743d1e27b7d26c4325b412397f2d598b1404f6049c0ec38af8dbfe09ebf14aeb4bd67c4bf0b3c4172d36a1e73de6966350621e58db3ae47ae03027d0d7dbe3bd7d4e59cb2c34251b5d2b33e038ba55e39b6229ceea12973453db5db4d828a28af54f8a0a28a2800a28a2a27f08051466858da4755505998e0015ca0158de30f19685f0fbc3d73af789b58b3d0b47b75cc9757926c1ec1475663e839af26f8a5fb51587877c44de08f87fa4bfc49f89327ca349d39b369627fbf7530e140f4ce7d6b23c1ff00b2cdef8afc476de35f8e5ad2f8fbc511b096d3418f2346d28f50a9174908f53e95ebd3c0c694155c6c9c23d12f89fa2ede6ccf9dded0321be2c7c51fda71a4b2f84b612fc3ff000131d9378f75d876dd5d2743f6484faff78fe95e9df06bf670f05fc13596f74bb79758f155c1dd7be28d65bcfbeb86ee779fb80fa2d7a8aae11238d02a22ed48e3501540e8028e00f615c5f8ff00e327853e19958757d404ba9bff00aad26c479d7521ec022e71f8d618acd634e93a74ed4e9f6eafd5eeff00ad0c6a54a7878fb4af248ed0fcc73cb1273ef5ca78f3e2a7857e1a401bc43ab456f7527fabb083f7b7329ec1631cfe75c0acbf157e2f2ee8957e1778625e43c9897539d7b7b475d77817e09f84be1fdc35ed9d836a7ad3732eafaa3fda2e5dbb905beef3e95f37edab57d30f0b2ef2d3ee5d7d743cff00ade2313feed1e55fcd2d3f0dfefb1ca2f8dbe27fc4e1b7c27e1f8bc11a33f035ad7c6eb9753fc490f6fc6afe83fb37f8763be5d57c597b7de3cd6f3b8dd6b1216850ff00b117dd03eb5eb0ccced96249f5a6b7eed773108a39cb1c53583a5a4ebb737e7b7c96d6fbcd2396c24f9f1327525e7b7c92d3efb8cb5862b2b64b6b5863b5b6518586040883e805483e5e9c565de78ab44d3c9173ab59c2476328cfe9598ff13bc2cb26d3ad424faa838fe554f30c1d2f75d68af2ba3dc8616adbdc83b7927fe477de173b7549088fcefdc3feeffbdc74fc6be78d627b9f152f8b7578fc37e23b5f0b03616daae9ff00d9e6daf6dede377f36ced7cbc34b18243965fef1c1af73f0178c342d4358536dab5a4a0a3003ccc31fc0d75fe21f88de1af0a4b6ababeb769632dcb88a08647ccb23138c2a0cb1fca9f352c6453a534d2ecee70e2b09395a33bc6dfd7dde47cc5a1e85f11d7c59e199c4fa847a4429a41b8b3b985da69504931887999c23226c1267a9c66aefc2fd3b5eb9f87bf1a52e34cd5a01a8dbcb3dad9dec7296f35a3916458cb925cee03918078c0afaa3fb774e5e0dec40fd68feded34e337b167eb53f52574dc9f5fc558e1597c5493e77a5ff001563c23f657d7fc45a97f6859df6a1ae6afa1da58da88ae3c41a50b09a1b8db878635006f40003b88ebdebdcbc518fec1bb3807e51d467b8a90ebba6939fb6c5f9d67f88358b2bad16ee286ea392464c0553c9e4576d2a7ece0a37d8efa14bd8d350bdec70e72dc962c4f524f26902f419c772738c0ee7e942e5b0aa324f415e33e36f145ffc60f105e7c3ff00075e3dbe8d6e76789bc49074863ef6909fe2918705874acb115bd8a565793d22bbbff2ee6588c52c3c534b9a4f65ddff005ab25d26ebfe1777c4c8b5888997c05e0fb864b1623e4d4b52c61a51ea918c81ef5ec3d5b39c9aa3a0e83a7f85f44b1d2349b54b2d36c6210c1047d1547f327a93deaf62961a8ba71729bbca5abff2f45d0585c3ba316e6ef293bb7e6fa7a2e82d1499ae7be207c44f0d7c2af0add788fc5bac41a268d00e6798fcf23764897abb1f415dd084aa49422aedf45ab3b1bb6e742cc155dd99512352eeee42aaa8ea493d07bd7cd5e2af8d9e27f8f5e22bef027c0d985be9f6ce60d7be234c84da588e8d1da1ff0096929e46474fd6b3a3d37c79fb66309f578f50f86df040b831696ac62d5bc44a0f0652398a26f4f4afa4bc2fe17d1fc13e1db2d03c3fa65be8da2d926c82cad502a28ee4fa93dd8f26bdae5a396eb34a557a2dd47d7bbf232bba9a6c8e63e0e7c17f0cfc0bf0bb68de1c8246b8b86f3751d5eedb7de6a331e5a495fa9c9fe1e82bbba5000ed4578d52aceb4dd4a8ef27d4d52b6c1451456630a28a2800a28a2800a28a28015bef1a4a56fbc692800a28a2800a28a2800a28a29c7e200a28a2bb0028a28a0028a290f4a00f0afdb5fc4ada1fc05bed2a1b117f71e28bd87418909e63694eede3fda1b703dcd7cb5f137e2dcdf0aec745f813f0cf4517dafe96d1b4d7d336f5174f1fef6351d1b9639278cf03a57bb7fc143209cfc2bf06de99e23a5e9be2ab5bcbfb0326c96f5141f9633d781b89c7635e2bfb3cdad96b577e26f1ee8b756fa84736ab3ea13d8cc87ed6880968a085fbe14f3ce475af8ccea309565cef65b3dafe7fe47ea9c3afd9e58e7521eea9377eeec925f26fb3deefa19bfb11fc4693c31fb400d3bc551db7f69eb362da4f9c22db25ace1b72a0c0eae4106bf48791c1e0f715f0068ba7ffc2cbfdb53c273e916b6d11d35adeef559548037a2b48c78fbcc06067f3afbfd9b73b1e9924d7a59249bc3b8bd933838e141e368d6b3539c1369bbececbf261451457d09f9d05145140051495e5ff1bbf684f0ff00c128acec67b79fc49e32d4fe5d2bc29a58f32eeedcf42c07dc8fd58fe15a53a35312f92946ed932928ee773e2df17685e00f0dddebfe25d5adb44d16d46e9eeee9f6affbabdd98f651cd7ce3278b3e24fed7bbed7c1e6f7e17fc219331cfe25b9429ab6b2b9fbb6e87fd5c647f17bf5ed5a9e10fd9c7c43f153c4965e3af8fb7516afa840de7695e06b463fd99a50eabe62e7f7b20ef9fd6be85d675ad3bc33a435feab796ba46976e98334ce238e3503eea8fe82bb25530f96a6e1efd45f69fc31f45d5aeef4ec65292b734df2c4e6be15fc21f08fc13f0e2e89e0ed223d36dd8e67ba6f9eeaedcf579a53f3313e9d2ac78fbe26f86be19582dcf883534b695f886c621e65cce7b2a4639e7d6bcf1be2778c3e2f4cd67f0cf4e3a3e8609497c5bac445548ee6de33cb1f7aea7e1ff00c0bf0ff816f9b59b933789bc5327cd36b9ab1f36507bec07841f4af92a98fc4639ca54354fed3dbe5d5fe4799f5ba988f73050d3f99edf2eaff03961a87c51f8c800b287fe158f84e4ff0097ab850faa5c21feeaff00cb306bb6f87ff06fc29f0dc19f4ab0373aac9febb58d45bcebb94f73bcf4fc2ba293c71e1ab5d51edf54d760b758a19279e6dd95811064966edec2b6b4bd174bf89de19b7d5bc2be2c91b4bba076de59a2b13838239fba41ec466b8a9aa12e6ab4dfb69af35baedd11db472b8d292ab884e52fe67b2f45b2f919faa6ad67a4c2d3ea1790dac63ab4cf8fd3bd7272fc4eb7bd90c3a069579aecdda48d0a423df71aedf4dfd9e3c3b6b38babfb8bcd6afb39f3afdfcc1f82f4ad1f1747e16f867e1f3aa6bdaca689a4c722c3e6ba6137b1c2a80a3924f6ac1ff69e2173549468c3cbde97cdbd17e27bd1f6106a304e72fbbfccf3636fe3bd7399aeecbc3b6edd23857ce947e3eb427c2ab4ba6f3357d5f53d59fbf993945cfd057a8f846cbc3fe3ad120d6741d6bfb534c9f704b983ee920e08c119041ec6b2be245e689f0cf4ab6bdd4750957ed12f9314291196599b19db1a28cb1ad21936166b9abca556ff00cd26ff000dbee42962eb536e314a16ecadff0004e66cbe1ef86ac7021d16d8fbca3793f9d43e25d53c23e08b546d6134fb2327fa9b4480493cc7d1225058fe58acb5b9f1b78d9736b08f00e8cdff002f174ab3ea72affb29f762fc726b67c2fe00d0fc233cb756768d73aa4bccdaaea3279f7729f5323741ecb8c57a50c060e0ad1a315f2472cabd596ae4fef384d43c17aa7c4cdbf65d0e1f87ba5b10575295036ab20ce4148c1db167d5b27dab67e11f8374fd0adf5096685b51f10daddc96773adea0de7dcdc28fba771fbbc765c0aed3c45afc3e1bd26e753b8258c5c220e5a594fdd51f5354bc13a3dc68fe1f896f70750ba76bbbaf691ce71f80c0af3634e953cca31c34545a8b73b76da29f9deed7923a79e4f0ee53efa5cddda3d28da3d052d1915f407009b47a0a43b514b12a8aa0b333100281d493e83bd51d7b5ed33c2fa3dceabacdec3a769b6ea5a4b8b86daa38e83d4fb578dffc549fb49654fdb3c23f0bf77bc77fad01fac709fccd71d7c52a4d420b9a6fa7f99e7e27191a0d538ae69bd97eafb2f32cebde36d63e366ab75e15f005cbe9fe1a858c5ad78b9170be8d05ae7ef31eeddabd47c21e10d23c07e1db6d1343b45b3d3adc70bd5e463d5dcff1313ce6ae68ba369fe1cd22d74ad26ce2d3b4db55d90dac2b84503f99f73577eb5187a1cafdb55779bfb9792fd7b8b0f847097b6acf9aa3ebd17925dbbf70fba39a72a9760aa3713d00e6b13c69e34d07e1d786ee35ff0013eb16ba1e9100cbdd5dc8141f641d598f6039af9d4f8fbe27fed5ed2597c3c86efe17fc3063b2e3c61a8c5b352d4933cada467ee03fdef7afa0c360aa578fb4bda0b7974f9777e48ee72b69d4ee7e2f7ed3da5f8075c4f07784b4c93e21fc4bb91883c3da5b6f8edcf67ba94711a8ea475ac4f00feccfa9f893c4f6de3ff8e3aac7e35f18c444963a0c3ff208d1b9c858e3e8ec3fbc7d2bd2be107c13f087c0dd09f4cf0a69be4cb392d7baadc9f32f6f9cf579653c9c9edd2bbcae89e329e1e2e96095afbcbed3f4edf9f72545cb5906e2dd4e78c7b01e828a28af1cd74e8145145200a28a2800a28a2800a28a2800a28a28015bef1a4a56fbc692800a28a2800a28a2800cfb1a056478934ed5750b38ff00b1b561a46a10c9e64724908961978ff572af753edc8ac7d1fc7e13528f47f13597fc237adc8710ef7df67787d609ba64ff0075b069c774075f451b4a9c30da7de8aec00a28a2800a3f5a286f4ea7a62803e05ff829078a354f883e37f037c20f0b4b14f7d124babeaa541df67b976c61dba0063dcd8fa573be1bd534afd9cfe16a787f46f1459f886ee4cbc4b095fb42c92aed91703d33f522ba8f8ddae691e19f1c7c7ef1e68366edadd9b2e8d737975387479560456312ff00081bd703a82b5f3b7ec6bf06cf8b7541e24d52f1651a75ec36eb6cad895ddfa3027af71eddebe27349ac44aaa7b2764bbbb7f48fd6387bd8e1a9519e2539c17bcf5d12bded6f3693f37a1a9e1ff13eaff067c7d3788bc057a97973a5a1c5d5e45956f397e74653f7b1c827b62bf52fc05ae5d78a3c0de1ed6afed96d2faff4f86e678173b63919416001e83b8fad7c57fb5e6b3a4f82f4ff000fe8769a2d9a5fcca5aee6b04c37d8c382ea076dcc0727ae2beadf803e349bc75f0c34ebdb84884d6a7ec598461191154a11cf5da46476346415a51ab3c3d4d3fcd6e7afc6f3a59b65586ce2953e5bbb5ddafcbf67647a28a29296bedba1f8820a154c8c0202cc78c0eb4aaa6462060704924f03dfe95f33f8cfe2978a7f68cf14dffc39f8377ada6f87ed64fb37893e2128cc70e786b5b23fc721e41615d987c34f10dd9d92ddbd922252e536be29fed0daadff008be5f867f076cedfc4df1036ff00c4c35493e6d37408fbc933f4690764f5fcaba5f821fb3be93f0866b9d6aeef27f187c43d50eed4fc55a80df712b1ea9083feae3f615dd7c2af801a67c16f0843e1cf0a68a6d2cd4f9971752b86b8bc97bcb33f5763cfb0cd71fe26f0cfc55f8a5ad5d68563652f803c1f17cb75aa348ad7f7ebdd6203fd583ebd6b1c7e631c3d1f61838b69fdf27e6fa2f238eb56f6094dc5ca4f6497f5617c77f1bacb41d63fe11af0c5849e32f18bf034db1398adbfda9e4e8801ed9cd66e8bf03ef7c59aa47e21f8a5a8a78975343bedf458094d32c7be0274908f535e87e1bf8556df08fc36f69e19f0d48e4f32796ead3dcb9eaf248dc926a90f86fe35f198f335f2da3e967eee976328de47a3bff857c1e267514d2a94dd49f48af857abebf8f90a865b2c57efb1f35cbfcbd17cbed5bcf423d57e21e99a5ca9a66956edac5fc636258e9e9f2463a0048e145536f0bf88fc5843788751fecab23cff0066e9a70c47a3bd76ba778363f095ba5a59698b631119022192dee5ba9ab3f63997398c8efd79add65b5b19ef63e775fc916d457abde5f3b2f23dff006d4e8ae5c3c6de6733fd97e1df00f876fae9bc38753d36da1f32e2cadedc5c4f2a8239da797dbf7b1ed5e3524da9c9a0e9776adafb5adf6a97b75a15fe97692da3ea3a9b4d19826b98540d91ecdeb860170b935f4c68370b61ad4325ce615556c923d4715a3e25f8b9e13f08dd5b5bea3acc497b72e2386c615696e2427b88d41603df0057a2f034d251a568c5744874b1ae1acd733eed9f37c9a878f74cd43c5779aabdede68662d652d6dac5654b98d8cf1072cfce460b14da33b41c53b519b55b5fd957c2925ddfea505c69be23841d45f4f92ee7b7852e1f6c8607059c0523ef64e39afaa878934dc67ed8b9fa51ff00092698dff2f6a7df0697d4f7f7b746ff005ef86d4d2b3be9f3ff0033ce3f65d69a6f87f7b732bcd76b73ab5dce9a95c599b37bf5661fbf301ff579e98ff6735dc78f235f22ca528a65494ec7da372647241ec7e95a29e26d315b9bb53818e86b13c5dac5a6a56b02db4c25647cb01d862bba9c7d9c146f7b1e6d4a9ed66e76b5d9cce7e6c93c77cf6aaf7f7d6fa5d8cf7b7732dbdac2bba495fa28ff00135575cd7ec3c3760f79a84e2189785039773d820ee6b98b1d16ff00c757906abe2185ad7498db7d968cc7ef1ed24defec6bcbc663dd39fd5f0cb9aabe9d22bbc9f6edd5f435a5474f6b51da2bf1f242e876b71e38d62dfc43a940d6fa45b12da5d8c9c173ff003ddc7f215dbee3cfaf52693b0c003b000600aafaa6a567a2e9b36a1a85d43636302ee96e2e1c2c6a075c935be0f0b1c1536e52bc9eb293eaff00c974f232c4d752f7a76515b79167ef7039cd707f123e3168df0e1e1d38c536bbe27bb18b3f0fe9df3cf293d0b63ee2fb9ae46e3e26f8afe314d3587c32b63a5684094b8f196a516d18e87ecd19fbc7debb5f873f09341f8670cf2d824ba86b975cde6b77cde65d5cb77cb1fba33d8566f115315eee1b45fcdfe4bafa9f3ef13571bee6115a3fcef6f9757ebb1c9787be126b3e3ad5adbc51f15268ef6ee2224b0f0b40736361ce4171ff002d241ea78af6263c0e02851b55547007a0f6a58d5a46c282cc7a6075af25f8c5fb4f7823e0cdd2693753cfe24f17ce76daf85f415fb45e4ac7a060b9083dcd7a982cba6e5ece82726f76d6bf37fe7647761f0d4f0917caf57bb7bbf53d6557e5624808a37331380a3b924f415f3df8ebf6b286f3c492f82be0e684ff0013fc6ea764b35b1c695a7b7f7e69fa363d01ed8ac13f09be2dfed35b6ebe2aeab27c37f02487cc8fc13e1e9bfd2ee538205d4fd471d467bf4afa13c0be01f0dfc31f0e43a0f84f45b5d0b49887105aa60b9fef48dd5dbdcd7bdecf0b81f7ab49559f65a47e6d6fe8b43a2f29eda23c63c15fb2adc7883c456de33f8d9af7fc2c7f16c6de6db69646dd1b4d3fdd8e1e8e47a915f428fbaaaaa16341b551461540e8001c01f4a5ebdb14579d89c5d5c5cb9aa3d16c96897a2294520a28a2b8cb0a28a2800a28a2800a28a2800a28a2800a28a2800a28a28015bef1a4a56fbc692800a28a2800a28a2800354f56d1ec75ed3e5b0d4ed21d46ca518782e132a7dc7a1f715728a71f880e1574bf11f80147f643dc78b3c391f2749b99337f68bff4c256ff005aa3fb8dcfa1ae93c37e2ad27c5f62f73a45dadc2c476cd6ee0a4f6edfdd9233ca9ad5191ce79ec7bd73be24f02d97882f23d4ede79b44f10443116b1a79092ffbb20e9227fb2d5d60745fe7e94b5c4c3e38bff0acd1d9f8e2de1b2466db0f88ac949b0b83d84a3ac0e7d0fcbe86bb40d94465656471b95d0ee561d883dc53403a852cac0af05792738c77ce7e94579b7ed21e2a83c21f027c677b2ddb59bcf6474f8258f3b84d3911a01f5c9e7b0acea4d5284a72d923ab0b87962abd3c3c5eb36a3f7bb1f0378db4dd67e29fed29f16b45f07db45abfc3dd535d84ea525b9cdbcce4282d19ece1837ccbe9e95f53dbf877c25f0c7c1763a5f87ad74db79341655f3aee4f264683ef4b26ff00e27c0c67b915c27c235f007c2fd3adfc356baac371acdad87daa76b1724852a04ae1c7009f7e40af168747f16fed49e3ed46f6d9ee2cfc1d60de4cec240a2185416cb0e85885cfa57e5b5b18f1339d44ad17fd5fd4fda28e4b56ac961eac9c2850fb4d5b9bb795bb75dfa981f19be355c7c55f13df4b636b25b5a4504d6b1de282d7171067867e381b7b0e99afbcbf65bf8a9f0ebc69e0d4f0e7802d4e951683047e769eca5771751e64a849cb02f9c93cd79a7827e03e896fe05d5e4b3b5b78ae6ef4c58d2e16dfcc9002bbb07b30e072bd49e6bc83f63dd4f4df01fed250683a0db49a941aa674c96fee0b0688f96d24db00e0e5d00e7b0af6f2f72c25584a5ff2f35eff003b9d59ccb019fe5952860a324b0917cbd2fd755d52b3f347e8b629554b1e31ebd6930d9c05258f18c739ec2be73f8bbe2cd73e3af8eaf3e0cf80351934dd26d029f1b78b2d8e7ec5093ff1e3030eb338c86c7406bf46c361e55ea5b64b77d12febef67e012972ad4cef1a78bb5bfdabbc55a8fc3ef00ea33e8ff000cf4b94dbf8abc676a70d7cc3ef58d9b77cf4661fcbafaf2eade09fd9dfc3fe18f0b69762ba7dbb4d15ae97a169ebba79cb3006523a9ebb99cfbd606b1e24d2fe0b693a1fc31f869a0457de21583cad3b4687fd559a77b9ba7f5cfcc73c934df04f846cbe1cf8a22d4754b86f1bfc4fd4a443797c7eed9a330caa6788a319c7a9af1b36cea9457d5b0ef969c5a577dfd16b293ecb63cee7ab88adf57c2abc97c527b457f9fe5d4b5f1c358d67e18fc7ef0c78d0f8dbc4126837576f6979a5c5b1b47b2b78ed19cdac9183b8dcdc3e1a373d3691d3158179fb727893c13a2da5df8dbc1b6d0dddc5e41208340335f37f67dd59cd716ac140dc650620b201c004b0e2bdeafbf66af01ea9f168fc46bad2a69bc44ca04a8f74e6d25758cc4b2bdbe76348a84a86c6706a97847f64ef875e09b386db4bd32ed561d4a4d523926bc9259164781edf606624f96b148caa9d1474a67a879f7823f6b1d77c55f19be1f784e6d034d5d17c4da0c77d71776b3c8d716978d6df68f2db8d8a9b780a4ef3d7a56dfc0ef07df788be2cfc40f1bdff8c7c4b77258f886fb4a834296f89d2e3855230b8831d4649ce7a9aeafc3ff00b2cfc3df0b78e748f1769ba65d5beb5a55bc56d6ccb7921882c7098559a3ced2fe59da588c900577fe15f05e97e0d6d5ce9703c2755bf9352badce5b74f263730cf40768e2803c37f6a4f811ad7c62d7b40fb2fc4ef11781f48b6b5922b8b0d00846bb72e086663d3038af9cfc51fb18fc33f077949a9fc4ef88d278864e6da0b4d61e7bd90ffb30ae4f27b9c0afb1be31e87aeebda969b6d65aff00f60692627375259c21af653b87c91b9e1171d4e335e65e2ad77c05fb31f81352f16ea51ad95ac7f2b4cec66d4352b83f761476cb3bb1e30381d6803c43e0a8f8afe1df8ad79f07fc47e35d4a4d0ae3453e22d2f53bf48e5d6eded4482336f338f950b1e41e48038afa6bc2fe05d0fc1a1db4ab109772ff00afd42e18cd7531ee5e56e7f01c57957ecd3e07f12cd7be26f8b3e3fb7fb178dfc6fe598f4ace7fb1f4b8ff00e3ded7fde20ee61eb8ef5ee746a035bb0cf1498a79fd2a9ea9ac5968566f79a8dd47696e9d5e438fc00ea4fd2a2a5485383a951a515d6e5460e6f9631b96802dc0ebe95ccf893c71069378ba669d036b1aebff00abb383909ef230e14565ff006b6bbf100b45a3ac9a06859c3ea53a7efe607af96bdaba5f0d78574ef0bdbfd9f4eb6c3bf32ccdf34b29f566eb5f3ef1589cc5f260d7253eb36b57fe05fabfb8ecf674b0ff00c57797f2afd7fc8c9d0fc173497e9acf89275d535803f7518ff8f7b4ff006517b91eb5d6005dc9033dcff8935c1fc40f8d9e17f8793a585c4f26adaf4bf2c1a2e94be75cb9ed903ee8fad71cde13f88bf19b0fe2cbc6f00784e4e4685a5c99bdb85ede74a3ee823b0ade83a1824e8e123cf37bf76fce47878acd3da54e4a6b9e6b4496c979bd97df7f2377c69f1ef4dd27566f0e784ec65f1bf8b5be5fb069c77416e7fbd34bd140ee2b374bf82dabf8eb50835bf8adaa2eb33c6c24b7f0d59129a75a9edb87fcb461efc57a2f82fc0ba0fc3fd2d74cf0e6970e9b6ffc5e5ae6495bd5dbab135cdfc5af8fde01f8216a1fc5be2086d6f58e21d26d3f7f7d393d15625c9cf4eb81cd7750cbab632a255573ff00752d3e7dfd59c91c1ceb35571b24d7f2af87e7ddfa9df41025bdbc76f6f0ac50c4a12386150aaa3d140e05703f173e3e7813e06d9ac9e2cd7238afa5e2db46b21e7df5cb7655897919f538af214f167c78fda394af85f4d5f821e059b8fedad5d44bacdd467bc717f0647d31eb5e85f08ff659f017c1ebe3abdada4fe25f16cc77dc7893c40ff6abb76f552dc27e15f52b0787c12be2e7aafb31fd5ecbe573d3bbf860ac79d1bcf8effb4b2edb589fe05fc3a9f8fb44dfbcd76fa33e83a4591f4fc6bd6fe0efecf3e06f81b6f23786b4b326b137fc7d6bda8b79f7f70c7a9694f233e8315e92cc5db731258f524e4d25615b30ab521eca92f674fb2ebeaf765a825abdc4605b9ce4f527fad2d14579668145145020a28a2800a28a2800a28a2800a28a2800a28a2800a28a2800a28a28015bef1a4a56fbc692800a28a2800a28a2800a28a29c7e240149d0e29c159b841b98f4039af23f8c9fb537c37f816af1788b5c4b9d63fe59e8fa69135c93e8c07ddff8157af86c2d7c655f6386a6e52ec899494773d6258a39e19219a359a19176bc32a86471e841e0fe35c54de0cd4fc06925ef842e228f4c3f3cbe1dd566d96adebe44ac730b1feef2bf4af9c3fe17cfed17f1ec7fc5b1f0043e03f0fb9f975bf1071232ff00786fe07af00d7907c74fd9abe316ab368b61a878fb56f1ff008935290b5e7d9a668b4bd321ee6472406627a2a8e82bdac465783caa3cf9ce369d0b7d9bf34bee4edf89cb2c5422ed7515e6ecbef67daaff00b4dfc32b0b2b89759f16e9fa05edabf9375a6df4ebe7c127a6172187fb4bc1af02fdbf3e2c49a827857e15787e24d46eb5e316a376d1fcc5558e2d9303a6e27767d00af38f08fc2ff81ff0a7e0ff008ab56f899e114bdf18786aff00fb2a483edb34916a77263f320f2f38c2b0fbc7181835e611fc74f10f8f3e215f78e9347b4b1d6a6b54fb2ac10fcb6bf675d90f91bb92117a9ee715f1bc438cca960e3fd975253e7d5b92495ba5acff0033f50e0dcaead4cc162aaa5cb4f54d3bddf4f2b6bb9f49fc2dfd9cfc3bf0e7c2face997c61bff1c358cba7ea50890b60b60edc7624607e15c27ed0d1afc28f08f84fc01e0bb83e1f9f5f9f65d0966c4ff30c48266fee93819f6af18b2f1578b2def57431e2dd56e350f15ea912de3a10f70aac71b64ee1f710c003c0cd76bf1cbe18f897e15dbf80f54f1c6a2baccd1decd6e9adf98d21f2c3a145933d0aa96207a57e62a8c95e6bde4ffe0feb63f4cc350aef1ca38ec47c4eea2dfbba2dd2bec95edd6f6d6ecec3e2ff00c5ff00127c1df04d8f8534fd426d6b529acda217f0c811362a04f9547385cfca475c66bc02ccf8d3c1da5e8fe2b845f787350546b8b5d5dd0c5e64aa3e6c13dc8247bd7d6d2685a3e896be27f8acfa1c3aadd43a6b2c30b21f2618d5731ec43fc446ce7a706bc465f8a1ac78fbe0bf8a74af145fd95ed9476f14f60cd8fb59b877056145fe1450189fc2a63397328ad527a3fd2c7af92d74e8d68d1a5f17bb556d772ddd9767f86db9f46787bf69cd6bc49fb3bf8434cf0aceda97c5cf155d4ba158fda1c3496e57066be97d1638db20e3ae2bbdd2b4c83f676f0968ff0009fe1cc435df1f6a2ad73737b71c912bf32ea174dee49daa7b6057cebfb1cc3a2fc25f855e20f8d37d1db5c6bbaa4ede1df0e594ce176ecda1d893f77739cb37655f7aea9fc6de29d635ad4be1bfc1ab8b7f157c49d60adc78d7e2316dfa7e94187fa88a41c36c07000ea6bf50c7622b51c3c32bc36b3b2751f9be9f2dbe4def63f96f3e9c7159b6228e0fdd83937ccb651bf45ddf4ecb53a6f1c7c64f08fecb9632787b4bbdb9f16fc4ad71f37b71631fda351d42e0ff00046bcec5cf033c0aa9e10fd9b7e24fc6c68353f8afad5d780fc2cd2add45e0bd02e0ade5c11f307bcb91ceece0ed1d3dabd77f67efd95fc25f01164d42dfcdf13f8e2f016bff00156a63ccba91cf511039f293d8735dff0089be2168be15bc5b2bab99afb5a907eeb49d323fb45dc9ff00001f773eac4579d83ca63466ab567cd25b765fe15fabd5fe03a7c987a4b0f875cb0edd5fabea74ba5bcfa4e9f6d616b7575e4408238c493348e40f562724fb9ac5f13fc56b0f08dc25addeab7375aac9c43a4e9d9b8bb90ffb8bf77ead802b9e3a7f8cfc6dff00212b91e06d1587fc7869ee26d4661e924df7621ea1413ef5d0f85fc1fa2f82e1923d1b4f8ece490667b824bdc4c7d5e46f99bf3af665b19ec63b5c7c42f1b2ff00a76a527813457ce6d2d2613ea72aff00b727dd8bfe03922badd1564f0fe976da759de5e1b680611ae6e1a490fbb3b1c9355b5cd734ef0be8f73ab6b3a8da68fa55baee9afafa51144a3dd8ff004af9a750fda63c69f1f350b9f0f7ecf1a117b147f2af3e246bf118ac2d79c37d990ffac61ce0fe95ce07acfc78fda47c37f046cad135b9aeb5df14dffeef49f0b69bfbdbfbd90fdd01464a293d588fa579efc31f81be29f885e37b2f8abf1c3ecf36bf6df3f87fc156edbec34143d1dc7492e3d49e87e831d5fc0ffd98fc39f06b51b9f115d5edd78d3e22df64dff8bf593bee598f55841cf949d8639e2bd76ea78ad2369e7963b785465a495b6afe6694a4a2b9a4ec837d09598b48cce4b3139393cd4734f1dbc2f34b22430a0cb49230555fa9ae32ebe240d4276b5f0b69f2ebb74a70d71f76da3f72fdff000a21f005deba7edbe2fd48dfa27ce6c616f2ad22ff0078f7c7bd7813cdbdb370c0c3da35d768af5975f44772c37b3f7b112e55dbaffc0f985d7c419f58b86b0f09591d5ae14e1efa5056da1f7cff0017e156347f874b35fa6a5e21b96d7f55072be6710427fd94feb5ccf883e3f783fc2971fd85e1d827f156b0bf247a4f8762f3154f4c338f956b29bc2ff14be2bffc8c9aa47f0f3c3d27fcc27476f32f655f4925fe13f4af3d508e22a29e29fb69ada2be05fd799e454cea945ba3818733f2fd65b23b0f1efc6cf0a7c3d996d2f2f8ea3acb710e8da5a79f72e7b0dabc2fe35c7359fc55f8bd1e6ea55f863e189bfe5de03e6ea73a1f56fe0e2bb2f0ff00c3df027c11d266d4522b0d0515775c6b5abcc04cdeacd2b9ce7e95e55af7edb9e1ed5f549345f855e19d6be2d6bdbb66ed2e168ec233d8bce7823e95f5586ca71d986b24d45745a25fe293b5ff00ad0f31d0af89d7193b47f963facb77f81ec1f0efe11f86be1bc722e83a6ffa749cdc6a574de75d4c7b9790f205721f153f6acf86ff00096e8e9d7facb6bfe246e22d03405fb65dbb7f7485c853f5ae01fe0afc6af8e003fc54f1e2f813c36e727c25e0b6c4acbfdd96e3d71d719af5df85bf017c01f05ad82f843c3367a7dc1e1f52997cebb97dda56cb66bdda783cbf031e5a92e76becc345f3975f927ea7a5469c694392847962790ac9fb42fed04b98c43f01fc1338fbcf8b8d6ee233edff002cf23e84577ff097f657f879f07ef3fb534fd31f5df13c9ccde22d7dfed778ec7ab02d909f857aeb31662589627a926978f4c7d2a6ae655a51f6546d08f68ab5fd5eecdd42cef2d58b23348c5998b374cb7349fad14579562c28a28a0028a28a0028a28a0028a28a0028a28a0028a28a0028a28a0028a28a0028a28a0028a28a0056fbc69295bef1a4a0028a28a0028a28a002a39a68ede09679e58edede1469259a66da91a0192cc7b0029edc839e95f2dfed25ab6b3f1d7e2a699f003c2f7b269fa6f90baa78cf5484e0c36b9056dc1f5618e3b961dabd7caf00f30c42a6e5cb18a7293ed15bbff25d599ce5cabcfa189e2cf8ede3ff00da83c49a8782be0486d23c2b6afe46afe3eba0513d0ac27b0f4c7cc7dbad751f0bbf66ff00863f046ee19228ad7c61e37b83ba4d7bc49321dd27f1344ae70307bf5af42d717c37f02fe18dd695a1da268be12f0de9ef7573e48c9daaa705cf56776c64f5e6be3db4f17fc27f8f5f0c347f1078b9b50d7bc730dbdd5a45a0fcf1c9717d302d1a44148c28555da7a01c9e4d79b9af1362b18e796642feaf85869297db9b5e7f9f45b5b43cfc3613139bd6953a52e5845da53dddfaa8f4d3bf7d0f71f885fb52da4daa43a0f82fccf899e2a69424d63a5b98b4ed3903ed63713e309d0e31d715c1ea5f1a6f3c0dae78875cf17f896cf4592eecd4e9fe10825f385aa20e763633249230fbc7a0ae4e3bcd13f66df80babe81a26d87c5b6f6f04fe239d972f15e4cbba281cf758c1e074cd729f0dfc2be19f09fecafe24f8c9f136da7d6f5cf13bfd96c2e25c493c71b1291b44adf283b8337b015f8fd4cb163abd4846ea31d2527ace7276764ddecbd3567dce0f87729cb946a5687b4937f149a6f4ea96c793fc66f8ec9f17bfe119d2a6d364b2d4a6be626dda4e4a3e154331fe2c93c9e99e2be8bfda2b494f87727c333a7258c53dae99243fd8fe4edf97cbfdec8641f7a343d8f5201af82ee353b1f0cdd6af7baa25e378ba3d42136eae54c71db6376e623f8feee31d39afa43e36fc50bbf8c9f1afe1cdcb787b50d2740d7b4fb6b3b7bad5418c4e1a40af34783cae4f43d6be9bfb2a387a51a142368a4fafcfa9f7797e6d46956a5194fdc8b7a25aa5b454adf37e5b1a7f076defff00e16bf80f5397c372496fa65e8902c709737e656244a4f42541c96e8028afd07f8b7f0df4af8a5e09d43c3bada0934c953798e351b84abfeae456ec467f1e95f2cfc6cf84d73fb1af887e1ef886dbc5171adc12eb92a4166c8608ede0001311624809cf3c7ad7b5fc76fda6348f849f0fa7d52310dcf8835583669164adccd3380a24da79daa5b3cfa0adb0f1fabf351c4e9d91967d5e5986270d8dcb5fbbaa4d774f5bdcf39d1bf63df895a6e9fa87877c39f106d754f03de5a2dbea7e73efba8180e62d9ced2063bf43d2be5bf8e1e1f8fe1de93a9e9116b5a4ea70c6a882eb4d6c16665d8320f3b80520e38cfd6bd57c53f19fc4dfb27fc2dd3fc09a45f46fe3af1916d5b57d56e65f30dac9210a5941e80a13c9e8549af9b3c79a22431785b40b653a86b3a9efff00414e6e5de59308e49e06e2032fb1acf0542954c650a8f48f326fe4f7fc0fabc3e758cc1e1b152a934ef1718da2936dc6d776ebd17959b3a5f1d5c47e38b2d1fc25e13b49f48d174dd212ef55998b1d96e8a034eebd16495bb0ed8afa0bf63dfda8fc11fb39f8066f871e2ad1f50d33577d4deee17b1856413c530531f98dd7238193c60d7ca767e3693c2ba7f8ab4dd625bdf0b5dea9751473c70c64bdc431a18ded5e5fe1dac3257be6b134df147867468e3d59afe1bcbc8d917ecf386731a312a793f799570476e95e87362b0b8ba974dbe677d376f777fc3c923f37c9b0980c7e0aad7c4d44a7293936deabfbabd169af63f5bf53f19f88fc4daa369b7eba8f86ac0c22e0d8e851896e668c8e3cdbb3f24791fc2993cf5af3ff00881fb475a7ecba9e1ab97f8577761e0dd6a6097faf2dc89aeedce7189bf88bf7f98e0f35f36f853fe0a911685e199e2d57473aadcc11ac1a65a5aa79455572a1ae243f78950a4ed1dcd799c9e39f8f5fb7379f63616f66de16fb583716eac915a599504a997277600391ea6bde9e22715ccddbd4f9b8d0a0dba6b5f3576ffc8fd6df10f8b342f08f87d75dd7f5bd3f44d19a25b81797d70b1a18d9432919393c11c0af9cf52fdb2f51f891a84ba27c02f026a1f10f5004c6de22d46336ba3db9ce0b176c1703d38af917e09fc3bd62c7e3f59e9bf1d3c2f7df11fc396b1adb41abde5e4af6963184fdd48b1921593800a91c57e8fd878e3c9d362b1f07784e53a5c4bb61d912d9d9a2f6207031ef5c15b3ac15156756efb47de7f72389e0abc5fbd16bd74478ee85fb1cea9f1175883c47fb4078c6e3e21eab191243e1ab276b7d1acce73b762e3ccc7f9cd7d0775ac787bc07a4c160d258e87616c8120d3ed5151635ec1235e95e63e2af88d6fa76478b7e21695e1f8b38fecfd19c4d39f6c8cf35cf687e3db6bfb83ff0af7e196b5e2fbdddc6afad030c59fef0dfcf15e2d4ce7115bddc352e5bf596ff002846efef68f3aae2f2fc2cad56b733fe58ebf89ea69e32d6fc4d98bc31a148216ff9886a40a463dd57a9ac3f145bf86bc2b1ff00687c49f18433c8bf32d9492ec8c1f4588727f1ae73c45a3fc44d4ad4cff10fe25689f0df46c65b4fd2a544942fa1918e7f2af2c8fe307ece1f0d75665d0a2d53e2cf8b7390d616d26a32bc99fefb7c8b5d187c8f31cc9f3ce9caa7f8b48ffe02b4ff00c099cd2cdb173d30747d9afe696ff76ff91ebb6ff1c357f15462c3e16780ee6fad47cabaaea71fd92c93fda03ab7f2a98fc0df11f8d97ed9f13fc6b717b68bf3b68fa437d92c50770efc6e02b8c8fe2c7ed1bf14a3117823e1769bf0e7487e1354f15dc069557fbcb0af4fa62907ec6bab7c41916ebe317c56f10f8d58fccfa4694ff61d3c7fb3b5704fd6beb61c3f4a825fda35d69f621adbe4acbef6707d4a55ddf152753c9fbb1fbbfcdb3735cfda43e057ecff000ff6168d7d6779a98f95747f0a41f6cb995bd1997bfd4d602fc51fda1fe32281e05f00d97c31d026e06bbe2f7f32ed90ff0012c23a1fc2bda7e1cfc14f007c25b6587c1fe11d33456c0cdc470879df1dda46cb135db33348fbd98b37ab1c9af4e15f01835cb84a3ccd6ce5b7ca2bf56cf4e9d1e48f2c572a5d11f36e89fb13e8dae6a116b7f16fc5bac7c58d6c307f26fa66874f8dbd12153d3eb5f41e83a0e97e15d2e3d3b43d2ecf45d3e3185b5b0856141f801cfe357b03d28ae4c4637118afe34efe5b2fb8de3151d84da3d2968a2b84a0a28a29005145140051451400514514005145140051451400514514005145140051451400514514005145140051451400adf78d250c793f5c51fe4d001451450014519a8b52bbb7d1acdef351b9834eb34196b8bc95618c7e2c450059b78c49731237dd6703f5af99ff00631b7feded47e31f8eef009357d6fc5d7164d29fbcb6f6e76a267d39e9ed5d76a9fb617c3cd3f56fecef0d4baa7c46d6e37e34ff0008d8bdd8dc0f469b0235fcebe42d1fe317c5df822bf1bf45d1b46d1fc0f736b2c9e365b1f12ffa45e7d9a7655f2e00876311b83127a60d7d1e5d53fd83194e0bde6a0ffedd52bcbf4b98ca2e5381f54fed44f0b7c0bf89ba54fe72dfeb9e4695a7a4580d3dcccea224cb71b720924f4009afcb5d4fc29aafc2bf17259da6a365adf8a34ed4e3b5d3e6d06e1ae1d268d465951461f731da0e7f86bd5bc2fac6bdf1d350817e3feade2282dbc590eff097880ca61b18664ce18c4bf2edf42ddbeb5e87e1bd5a4f833f1234fd1be26da58f84a1d22112f8435cb2b744d2def044c8d773951963ceec31c8e00afccf0f529d0a92c0c9fbf794974ba936f47d6d7b33d2c8ea2cbe52c055972cdb7257da576de9dedd7ef479e6a93f88f4958bc2de2dd226b6f17fc43d8facea9e2cbc0eea573e5b0b78f98d4fdd058e4fb559f1e7c29f1d78b343b5f086b9afea3a9e95e1d4b73a76996c89069e22cb09278c8fe045e0b31cf26bbdb0fd9a3c3768da978afe2b7c516d6756d42f84971269590132be623c8edcaa3213d381b8573d63f17edfc51e38ff00840fc296e2ebc377efb2ce366223b0b18e33bf748df34a5b049edc815e663218ba35fdae12d676e75d76f893ee9696d34f33eee9cb0f4e9fb4c43e6b6bafc28f2ed3ff0067db1f8dfada59f87b479f42bbd5481a23ac9be1b7b2872935d5d7f132bb70ae3a9e9c572d36a9e2ff0081be32d53c3fe28b15f13ea1e16856d6cee96e0dcc3a3aef571346071903180718279afd1df81be171e056b3f13db683358e9dabadbdc5ceada82ed4b1b4886df289e9120e5b6fa9cd70ff00b6a7c13f0efc46d627f15f81b5489350974f821363a0c31bc3a96262eef29e8e718ebd715e850cd308f0fcd5e5c9cad2b4f47f26f75e67037cd8b53c3e9757bc6cd7cd1f2bfc73fdae20f8cd37876c75ef12eb1afe9b66649dc6a5671db491b48a06d5d9c11c75f4aabe1dd77c13ac5e4fe37f889f1262d5ee7439e3834fd1a10d2cd7cb1a651471848f76d05bd0135eb5a049e26d71b43d23e31f8274cbaf0ac8e2d67bdd274d8e3bf50066269d947fab206d2130738cd78bfc58f863a778f7c6973a9787fe1c9f066836d2369b6fa342596e6e658937190f070187ff00aeb7f6980acfda46aa77fef267a74b1b9a2a6b09184528edeedbf23a2f00788be1978cbc5777e3ff008d9f12d45edc5e3ccba068b6ad3bed0bb555a40384da70157d335e57e22f8dda24df1997c75e1bd067cd95ef9d61a5be7c98a288816ca4f2c46065bdcd6edd78245858dfff0062f8492e935bd3a258acd6ce490d8b0386fde11c48300b7a835edbe24fd9f74cd0fe0af8464f0b68579abf8ea59621717853ca78a0077b89d0f039c01dc815a4b1b81a31d67156eed238ea6171919a7527bf549bb3fd3fe18f1df885a57c47f8a9f17135ff0017f876d9359d52e229adbc23631ec37123052b945ce3e421d99ba8eb5e9dab6a5e1ed0bc637de14f107c2bd1351f1158213776da4db0b8312800b7fabf4079f4af64f05ea7aa7c2df06f8aedb54bbf0fe99acde48d2daf8e2fe6135f61d40666527e4f2feeaa8e3005798fc1fbef0bf8575cd6f46f84d7efe37f88da959cf7575aaea92948ee022992401ffdae7e51d48e4d7858dcc7039949284255a6b6e4728a57ef2568faeefc8f0e5933e7e6a351d2b5f54d6bf26b5bbf432eebc55f093c077568ba97c36b1d1eea58d6ea15bb81812a7a30c8fd2b2efbf68eb1f36e6cfc0457c3d0ccbbe4b1d134ef3259b68cb3b1ef8193ed5bbe12fd92fe267ed1be20d23c63f136f8695e1f9504d35ae7cbba8edc1215638f185271dfb735eb7e3ad3fe0bfec43a0c9aae9fa13cfadeb1bad2de3173bef6485c6d9190b67cb50b924e393c569fd9f9660f0f0589854a988968a3cf74df9732d96edb3e5f34962b0568431b294a5a462ac9b7f25a2eefb1f3b784ff006cbbad0e1934eb9d5355b8b390b992f2ea08a699839f99403d063381dabacf0afed2d078db5cd3f448f4ef177c438a6bd16567a7dbdffd8c3215fddc28abfc5c77e319ac6f1e7ec71e0cd47e04dffc4ff0078a27bfd32d5e4925fb6c6c7cd55217ca880192fbc80588c706b97fd827461e22fda1bc09a6dbd8b1b9b3d4db55b8bb5254241144d9423d9bf8bdf15fa6e41946415712e9fd51f2a8ce4ef276568b7b45256bd9158ec93969b9622aba8f4ddb7f75edf91f64f85f41f8d1101ff0877ecffe0cf02f240d43c517bf6ab81fef0e4d76c3e01fed05e3e882f8c3e387f6069cc76be9fe0db01085f55121c135f4948de63b3124e493c9cd7cd9f1b3c3b6facfed256505cbde1b593e1d6b17ef6b0ddc91c46e6060229b6ab01b973807e9570c7430ff00ee987853f48ddfe3739e9e169515cb4d25e8ac5dd0ff00607f851a4df2ddf88ad759f1e6a4a4169fc49a83ca09ff00701c609ec6bdbbc31e0ff0ef81acd2d3c37a0697a05b28c2c7a7daa478cfb819fd6be59f84ff001db57f03fc39f86da6436c2fec2d7c3fa1deeb53df33cd777d26a770d0ab46e4f050aee3d73d2ba1f1d7c76f895e09d4bc61a74971a2ddcba3ebba369704d6fa4c9248d15f23b37ee8365dd76a80075e6b0ad8ec56215aa546d76e9f72d0e8514ba1f4f3485b976673ea79cd26e19c77af9bfc03fb43f8efe2c78a2df43f0f687a72fd8f4bb79f5cd4d312c16734c252b2e370385316d318c9dcc413f2d72abfb4c7c51b7f00784fc4d349e189ff00b6bc3fabebf2db2d8ba6c5b19003129ddfc633cf626b80b3eba068dc338af96bc55fb5378e1b4df1ceb9e1af0ddac5e1af0ecd6d66d7b7c9e6f9770df676652a18339759c850071b47ad616bdfb5c78eb48d09f564874f7b76baf11db4519d1e533a9d3d11a03247bb2818b1de4f4005007d85b874cf3413b7af15f38dbfed19e303f10ed7c2f1691a5ea37b75e19bad4adada06c6fbd86ce3b852d2e708ae5c8f2dbe650a0f7addfd95fe36eb9f1c349f145f6ad3d8dcdae9f359c36b2da583dab13240249772b9390ac4aab746033de803dca8a28a0028a28a0028a28a0028a28a0028a28a0028a28a0028a28a0028a28a0028a28a0028a28a0028a28a0028a28a0028a28a00e47e2f78baf7c03f0bfc51e24d2ededeef52d32d0cd6d0dde7c969370550f8e76e5b9c7a54df0e9bc6c7c368df1017415f10348580f0d990daf92402bf7fe6ddc9cd3be2778364f885f0fb5ff0cc574b62faa4021172ebb963c3ab648eff0077f5ae99308a800fba8a9cfb2e334019de24f1268fe0dd3deffc43abd86836318dcd71a95c240807fc08f3f8578f5dfed75e16d62edec7e1ef87fc47f14b5153b41d06c5a3b30def7320098f715a7a1fec9df0d74dd624d6357d2aebc6dacb48d2fdbfc5576f7c518927e4463b140ce381d2bd72d628ec2d52d6d218aced506d5b7b68c45181e9b5401401e1e2dff686f880a7cdbaf0c7c1ed324eab6abfdadaa63fde388d0fbd49a6fec87e0abbbc8f51f1cdfebbf147565f98cfe28bf77b7cff00b36ea4201ed8af6fe7d33499e71de802ae87a3e9de18d3e3b1d174db3d1ec630025be9f0242831d3ee815f397edaff00b37ddfc60f0d5af8a3c3300b8f18e85132359b36d5d56c49dd25b37a9e0903dc8afa46f2f20d3ece4bbbb9e3b4b58c6e79a7708883dc9ae2ff00e13cd57c54e61f04e9de6420e1b5fd494c76a9ef1af590fe95d982cc679662235e96af5badf993d1c5f9345aa52a8b4d3ccf997f669f8fde1afda2bc31e34f0578ff0049d2bc08744d3bcab66750cb0c64ec658d18654a22edc75e73581ad6b3a1f817c27e2e96e35c5d67e0ed8dc47069a3c4f6a2e6f1ee31b8a5a87e641d31d94735e95f1eff006216f899e1bd46fbc35e2192c3c7974cf3de5cf94b0dbea8c5706370a3e4f63d3d6be61f0ef8b2eb4fb34f01fc77f095bdee91e08cc76d7f7b72552d64006d886c3898c98c641e805699af0ee1b37a2f1b85b7227fc36ff791ed67bc95f6e5d76474d5c460a50f67983baef6d2ff00ddb6aa476765e12f037c75c6bfe1cf17cb208ede396fb43d72dc888a15daa38c0c67b0cf402b3fc65e05f107c36d6f49f13e9be01bad535092d025cc9a720786da18c63083a82eb8e3a0ae33e227c51d73e357857c9f04e9f6fe1ff0e88e75b8b68625b748a08c16587727cccd263381d2be9df017c2193e027ece1a5f8f2f7e2278ab54b77b5b1d62f34e9215b96488c4775a20ea172796ff006457e6b5726cc6829c233ba8fd89dd3f9b5fe47975a9670e925cf7a127a427bb5d9ca36d1f6fbd98965fb4f7863c45fb27eb3f0df55b0d6344f1feb76b7da3c7a2ada4931133e5849bf1feac29059ba0ce2be26f86d6bad2a5f27877c7dfd9b0697a7c934e75098c303088821602c7e6dcdb86d02bda3c03ff0005069b52f1e4f078bf41d29f4299ae23b7d42d230b791467ee23119041e03576df103c45f0163f0969faf6bde0bd36f8dcc9b23b4d1e51210cff00312369c76e7de9d6c5e29423471183ba4becb8c97dcf53d5cbf1b8ec1ca5cd83767b384a2f6f56b4fccf09b1fda13c4f617da35ada6bba85d8b8b726e57518c2159246c4721047ca809071e82bdd3c0abf15f50f87779e27d47c41637575209bfb2b4b5b78d26bd553b12425b05559f27dc0adcbaf1c7c0dbef0e0f104fa34cf06bd21d1c5d795b9adca6c036b7f001c107d8d79ff008861fd9cb549acf52bff00f849f507937c76f70d792c2b22a1dbbd7e61c120e31d6bc5e4cbaa49bab974be5089ea57e22c6722a6b0b514affcabf4670de19fda4bc6b7de223a6789f578349b38ef52d2f75ab7b65f2ad71261d9500fde700af1debdc3c07f11fc33650eade37f156a3ad6afa269f7122f86044e628f5fb847dab1c918190a495539e38ac0b9f15fecd51f846cded74bbcd7ad742b7c5a5a84915b2cc5b009fbec581e79e6b4be18fed15e00f15e87ac3f86be1dc96daae83a72c9a769d78eac2e14cc3746849c2919f309f6aba34e853939d0cbbef515f99cd3cf7178da4a343053badeed2fd4f14f1958de78e7c63e2a1e2af8757d7fe25bdb7b97b4d17c3e8e16c2e1d94a89d8f0c8a30463d4d763f00bf655f891f097c79178b35a3e1fd2346b5b691ae65bc94f9712c8847ca072bb777735d37c66fdb03c5563e13864f0af87a6f0b6a17170ff006ababd45665543b1c06e8cdb88e467835b7e19f89ba47c58fd9e741b6f1aebb36896b7dabcd69addc64ca6fed31ba3815bf858be006edc8af529acd2bae44a14a3ff00813f92d121d6a79d62e2aaae5c3adbf9a56fc10df127ed31a4fc23d05344f06c9ac7c5ff00102ee76b8f9a4b78547192147dd5e0002be58fda6345f1ddfeb10f8d7c69e0cd4f4afedab78feced773b4cd6f819c6d1fea95864853d857d4771f103c1dfb36fc1ad7ae7e15f8685d29bff00b0ea571733ef8adae4afca2494fcc4600c2af5c8af9abe1afed65f15eebc6d7b36a717fc278357385f0fea1099a11202363471a827e5030074c139afadc9785f118aaae783a6ea547f14df6f36f48aebd0e2c360b0d945475b1151caa4bed3f79fcbb5fc8f25f01fc52f1bfc3edf6fe1ef11ded8c2d1b44d6b2126248d8827e46e01240ed5fa97fb0afc17d6343d2f54f8a5e34b486dfc57e2a8512cede3b7587ecd658077ec50029908071e807ad70ff0a3f60fd57c71e25bbf899f15aeadb45f11ea0eb7b67a0e9b6e862b5901051ae10fca5400a3cb1f8d7d5f67f10aef41be8749f1d59c1a25dc8c22b5d66d49feccbcec0063fea5cff71b8f435fa0e26585c9f092c0e127cf56a69526b6e54d3e48f937bbeb6396a559e21a4f482d97f9fc8ee071826bc8fe27697f0963f881677be31774f185f699269b6c20966323d9b83be10b1f037fcd81d58838e95ebaca55b0463bf3e9ebee2bce57c07ac69bfb41dc78e6ce0d3753d0f54d22d74fbe86f9b13d8cf6ceed14d02e0eedc1c83d083cd7c6ad91279ce9779fb3cea1e11d08e9970d6ba3d86fd2349b9649d1e2e4e42ee196485893bdb22363d8d4fa6781fe01eabe2ed5fc2f0dddc4daea5cc6f7f0dd5edc211776516f593ce638f323898b0c1fba735cf2fecbbe31b8f877e1ed225b9d2575ab7b4d7746bb4fb4b1823b5d46e7cdfb446d8f9a5403ee7727ad61e83f0965f8b5f147e2568d6daa5bda787bc3fafdcc13dfef26f1a597474b341b08e5792c5b3db1401e9de1fd4be057874787f5ed0fcbd3dd83f86ec24b28a60d31daf3186541f7c952f22bb75049079ae31bc27f0bfc67e34f82fa5f876ef4c9be1e2699a8c767a24d2cf1cd742e4ef50a4f626376d8e46f19c0c532f3f65ff18ea5a669c66974f8ef0eaf61737905a6a2d088adacb4f6b38cc5285ff592121d86381c556f097eccbf11349f127c23bbbd7f0f258782c69ed722d2edbcc9cc29324b9f97f7871229427a0dc3bd007bbf883e05780fc5377acdcea5e1f577d67c83a8470cef0c770d01530bb229c6e5daa370e70a2a8dd7ecdff0e2f1a5337879a4331bc6909bb972c6ec01747aff00cb40003f4af4b6c6e623a64e292803cda1fd9c3e1bdbea536a11786c457d342f6ef3a5d4809478440e073c16895549ee05745e0df867e18f87b36a5378734a4d29f51f205d2c72315710c6238860f036a00bc7a574f4500145145001451450014514500145145001451450014514500145145001451450014514500145145001451450014514500145145002b724d3775733f137c5375e08f006bdafd9c504b7561089235b9244592c172e472146727e9591f08fc7da8f8eed75a5d4a4d1ef66d36e6385750d0253259ce1e30f85279dcb9c1ac1d68c6a2a5d59d2b0f395175fecaff81fe677d450016e0707e9fad721ac7c4ab2b7d41f4ad0ed65f13eb638369627f7711f5965fbaa3f5ab9548c3766318b9ec75acc155dd982220cb3b10140f73dab8abbf890756ba974ff000769e7c477a876c97ac4c76101efba4fe223d16991fc3fd53c5d22cfe33d405dc4bf32683a6b18ed23ff00ae8dd643ee78a96fbe22689a3ccba07872c64f10ea908daba56868be541ff5d65fb91a8fa93ed597354a9a2f757e26bee53f8b5684b1f86adac5f477de2ebe7f135fa1df1d9e0a58db9ff663fe2c7ab54fac7c4ad2b4fd43fb2348b79bc51ae28c0d334450cb0ffd7493ee46a3be4fe1593a9787759d774f96fbc79af47a3686bf33e87a248d1c647659a7fbf21ff657153e8ba09d734b5b1d36c07857c1dfc36b6c8229efc0eec7aaafd7935129c2834a11e693febe470623172bf2457349ecbcbbb398beb7f187c4eb99b4e9b568f4cd3d5b65d41a1b916f07aa4971f7a67f64c0ae9c7c0bf0249e0d6f0bea1e1bb2d5b4a73ba44bc8c3bb39eafbfaa9f7f7aedacece0d3ed22b4b3b78ededa21b638621803ffafefd6afde783f5ed7349921d1ef63d16e660506a32c5e69b607ab24678671db7703dfa577e12138d68d79cad35d76e5f4b7e7bf630a741c9fb4aeef2e9d97a2fd4fcc5fda8bf654d07e18f8b34fd23e106abad5cf88afa70352d0a2632a69b04c4244f2483ee02c7003738e6af7c6ad37f6b9d2fe189f016bd60d7fe10b5b78ad7ed3e1e852491a288617e75f9b18e0f1cd7e9b7c30f801e17f855a0cb61a68babcbcbb98dd6a3ab5f4be6ddea1707acb33e393e83a28e00ae9a4f04dbab16b7b99a027af39afd0313c534ebc214313878d78c534e53569cbe6b556d6dab7dce884650973464d6ba2be88fe7f75abcd134d835a797c2efa15fc7147069ba64d6cea2160803ceced8f9988c95231cd757e1cf12781fc4de13d0746fb3dbf8735d87ed577ab6a374c3ecd282772c5020fb849031f8d7eda78a3e10e99e22b79a3d474ad2f5a8a518912f2d1199bf122bc57c4ffb20fc1ed7aed8ea9f0e3498e71d7eccad063fef922bca954e1bc57f12854a6ffbb24d7dcd5ff13b238bc553564d3f91f9d3e3ebfb6b0f845a2e9169a9695140d3ff006946b6f324d34d27dd28c070368e467b1af33f1e78cad7c5fe1ff0ae8d7172d26b5a7c2ff64f2e258ede37924dc5a4f4d8a080bee2bf4a2fbfe09e3f036fe6320f0e5f5ae7aadbea0e17f5accff876afc11dd9fb2f8833d7fe425ffd6aca397f0ceff59aabfedc5ffc91e855ceb1b5a0a138a69799f26781f4cd3f4bfd9c75ad264f10684be2ad4aee137316a520fb6699600f99e65b30e01fbcc475c902bc83c0965e1858fc59792f89e3b2b18022e956f73b927d4dda4f9567c7dd5da0b123dabf462dbfe09bff0003edd8b3699ad5c720fef75263f8702ba9d27f61df81da4ec29e04b7bb743b835e5c4927e633834e582e198afe3d697fdbb15fa9c1471b89a32528c577ddfe3dcfcc16f8a89af59d9e8fe2896e3c4961a2dacf0e8ba5592811c33c8f81206ea768e79ce4e2bb0f851e05f89975af5adc7847e1e6b1e2058e7925b7935e80adbfcc9b433a1c27cbd47bd7eac7873e13f81fc1edbb44f07689a649803cc86c93771d3922badf3a4dbb7790bfdd1c0fcab4863320c12ff66c0fb46bad495ff08dbf335af8ec56265294e495fa25fe67e7af807fe09afe2ff104de7fc4cf1b2d8e9f752fdaaef47d25cc923c98e0b13f2020719c1c015f5f7c1ffd9dfe1ffc0bb254f08e810dbde95c49aadd7efaee4ffb687ee8f618af48da3d28f5ac31bc438cc6c3d8b6a34d7d88ae58fdcbf5b9e7aa71bdf5bf762f3bb39e739cf7a86facadb52b29ecaf6da1bcb29d764b6f7081e3707b106a6a2be7e534d58d0f3fff0084675ff874bbfc28cde20f0f29cb786af65fdfdbaf7fb24adfa46dc7a1ae93c2be32d27c6b6724ba54ec66b73b2eac6e10c57568ff00dd9633c83efd3d0d6e62b9bf16780ec3c557516a427b8d1fc436ebb6df5cd3c84b841d95fb489eaadd6b003a3c7039a6c70451bb3c70c51337df68e30a5cfa920727dcd70b0f8f351f07dc4561e3c822b4491bcbb6f12d929fb0dc9ec255eb039f7f94fad77a3a2b02191c6e56520ab0f504751ef40011d318e29146da5a2800a28a2800a28a2800a28a2800a28a2800a28a2800a28a2800a28a2800a28a2800a28a2800a28a2800a28a2800a28a2800a28a2800a28a2800a28a28039cf88de1593c71e07d6f4082e63b39efa111a5c4cbbe34218302cbfc4bc722b27e18f80f51f05beb573ab5e699737da93c4cd168d69f64b489634da311ff007ce793f4aee58727eb47f2ac654632a8aaf55ff04e88e2271a6e92f85ffc0ff23859bc2fe24f1a339f125f9d1b47dc4268da54989255cf06697af4ecbeb5d12d8c1e11f0ecd0681a2a3f9099874eb6658bcf6e80331ee7a926b5fd4d0a0b700727d29c69c61aee672a9292ec8e0dbc15e21f1a2e7c65ac7d92c0e3fe29fd06431c5ec269fef49f41815b3717ba2fc3dd36df4bd334d8e06938b5d234d8c0698ff78fb7ab3547a8789ee6fefa4d27c3691dedec7c4f7cfcdb59fd587df7ff006455ff000ff862db406967f364bfd52e39b8d46e39965cf61fdd5ff64573cab4aab71a3b7597f9773cb9579d66e9e1b6eb2ff2eeff000f328587866e754be8b55f12ba5cddc6736da747cdb5a7be3f8dff00da35d3fcccc30373138031927f0a5553232aa82cc780a39cd78cf8b7c71ae7c58d7efbc0df0dafc58d95a3f91e24f1bc43747603f8ad6ccf492e08c82c384fad7a781c07b493e5d16f293e9e6fcfb237a54a1874d4757f9fa9e87e13f1cdaf8d3e295cf843c3e3fb47fb1d449af6a91736f62c7ee5aab7469dba903ee28e79af7c4458d42a8daaa3000af3af81be07d0be1cf84ffb07c3b60b61a6dbb642e77492b9c9696573cbc8c792c7ad7a3d6b8995273e4a0bdd5b777e6ffad0e857dd85154f58d2e3d6b49bdd3e6967821bb85e0792da5314aaaca4128e3956c1e08e41af99bfe09fba5c3a07837e2ce8f6b2dc4d67a6fc4cd7acad8dd5c34f208a3923540cec4b31c0ea4f2726b9067d4b58fe22d15354b3665502e231956f5f6ad8a2803c94e4360f5a3755bd62310ea9748bd0486a9d30173e95c2f8bbe2a47e13f885e1bf070f0fea5ab6a7e21b5babab39ed1d043b6dd774aadb8f040c7d735dcd784fc6df01dff8cbe357c34d41fc31aa6b7e19d16c7551a85d69f3f9223967882c2a0860c4e4738e391480ef7e19fc60d13e26f82b41f1344ade1fb7d7a6920d32cf5799127b96462ac1541e4e55b0073c574161e34f0eead35fc565e21d2af24d3c33dea43788c6d5573b8cb83f281839cf4c57c636bf057e25c7f0f3e1168b0781efacaf3c37f676bdb97b84674f2b53f3fca033851e512dbc7ccd82a78a35ff00d9f7e24eb5ab7c446d1fc333e96ba95f6ab79134d2c702c9049790cf1c36ec9cb3ceb1bee12642f00753401f624df123c216b7114171e2cd1219a58c4b1c4f7d1ab3c64655c0cf2a4739abb6fe30d02f34bbad4edf5fd2ee34cb5216e2f21bb478622704066078241181ef5f3ede7c1fb7d2fc5be16d4ac7c1b7363e17d3fc15afc77d36b4d14f35a5cce0488933752d956c63851c0af25f02fc17f14f8d3e14687aee97a1dc47e1eb9b7f0cb4ba3d85ca453ead6f6b14ab7334247ca4fef171bb93b4fa5007dab278f3c2f05db5a49e28d1d2ed24f29e03791ef57dbbb6919e0edf9b1d71cf4a6c1e3ef0add5b5d5cc1e28d1e6b7b5856ea79a3bd8d922858e164639c04272013d715f2843f017c51a4fc5e5d4f4ff00086a6fe13b7d7cdcdbd95c9864dd6e3486b659de43f317f3084209f7ae7bc25f00fe23f877c2b7b653f832fafaf6e746d16c2369bc94366d099c4c8a8bc4ab1f98a407e1b767b5007daba978dbc37a34d6906a1e23d26c67bc4592d62b8bc8d1ae158e15a304fcc0e4608eb5b383920fe55f0e5e7ecfbf10e64f86572de15ba925d1b49d0acb5d86678a53792dade338085b3e5ac3192c4ae3792076afb9e660d712329dca5890deb9340105c4315c5b4d6f3451cf6d32ec960994347229ea181e0d70bff0876b1e03679bc14e2ef49cef97c2ba84c4463d4daca7988ffb07e5fa577d498a00e4741f8afe18d7b56b2d146a2ba67892ecba47a0ea63c8bdde80175087ef000e411c1ed5d71dc55b62b3be0e23e8588e8bf53d2bc8be3afecc7e15f8fbaa68badeab7fab683e29d0d76e97aee8d71e5cd6df36e1c11f360f3cfd2bd2fc3167aae9fa0d8daeb9aa26b3ab41188e6d4e38bc9fb491c090a0e1588eb8ef401c0f803f682d2fe2569ba75d693e1fd5a29ee75cb9d027d3ee0a0b8b19adc665926507841c7bf22bd401ce6bc57e19782750d07f694f8b7afc9e19bcd3340d7e2b396c3509197c896e5136dd3aa839569309ce3e6dbcd7b5d0014514500145145001451450014514500145145001451450014514500145145001451450014514500145145001451450014514500145145000dc64d1915cafc54f145df82fe1d78875dd3da15beb183cd8a4b852d1212eaa4b81d40049aa7f09bc553f8b7c3f757977e27d1fc56e93ec175a2dbb411a0da084756e7766b075a2aa2a57d7739a588846aaa4f7b5ff003ff23b0bcba834fb796e2e665b7b78c6e79653855ae57ed1a8f8f548b73368fe1b6e1ae48d9737a3fd81fc087d7ad4d6fe19bbd7af12ff00c4acb22c2e4dae9319cc1163a3bffcf46faf4aea7d3f2c7f85735a78a7ef5e31fc5fa9cdc95314fdfbc61dbabf5f2f22b69ba65a68f6315958dbc76b6917dc8e31dfb927b93ea6acaa991c05193f5c7e67d29380aeccca888a59dd8e15540c9627b003bd786ea1ad6a7fb4c5edce89e1bbbb8d1fe13db4861d57c496cc63b8d7994e1ad6cdba883b3cddf902bddc2613db5ecf969c777d17a776fa2ea77694d25156f425d73c59aa7c7ed5affc27e04d466d2bc116729b5f1078d6db87b861c3d9581eedd43cc385e839af5af0af85747f03f872c740d034e8b4bd1ec5365bdac2381eac4f5662792c79249ab3a2e8da7f86b45b2d1f48b1834bd26c6310db59daaed8e241d140fe64f24d5cad3158a5522a8515cb4d747d5f79777f82d91497566ff837505b3d41a1738498601ff6bb57795e4a095208e08e41aeb745f192ac6b0df6411c098739fad79de851d16ada5db6b9a5de69d7b1f9d67770bc1347b8aee4652ac320823209e41cd709f0aff679f87bf04af352baf04f8721d067d480fb5b433cafe71073b983b91bb3d5ba9ee6bba8757b299414ba888ff780ab4aeb20cab061ea0e6801d51cf32dbc2f2b9c2a8c934db8bb86d50b4b22c6a3fbc6b8cf12789bfb401b7b6c8833f337f7a8030ef27375752ca7f8d8b5434514005794f8c7c65e2dbef8e1a2fc3ef0bea5a7687ff1251afdddd6a517982ee23722078a31d8a03bf23a9c678af56ac6d5bc1fa1ebdace91abea3a55b5deaba3bb3e9f78ea7cdb62df7b630ec70383c7b5007cc76bf1ebe23dbe8bfbef1159dddedceb9afd8c57afa7222430695134bb480705a70029cf4e48abf65fb4878cc78f229e5fb34be1d9af34980787fecc16e112f34d7ba61e675ca48981ecd5ef337c25f05cda1cda3bf8634f6d2a6be6d524b52a7635db1cbcfd73b9bbf63e95cff86fe0dc7a6fc6af1878fb534d32fdf5336ada3aa4244fa67950f92c0ff09dcbe838a00f0bb8fda3fc6dab782a1374d6f74753b8d0279e282c165f32cb5369525b0084fcd22841863c9c9cd54f04fed15e22f0b786be1058dba6956d61ab6a49653e95676ab1b476f25f4d6e15a307f701022ed61f79b70af78f1a7827c0ba368f2e9f6be17d3e5986a516aa6ce3b7760b7233b27e3a32e4ed1d0678ae062f07f84a19aca58fc03a6a4b61836b27d825dd091219460e7a8909707b1269d981f4a4b188e491324856233ebcd37f135e52df1375d918b35b48598e4ffa23ff008527fc2cad6ffe7d64ff00c047ff000a7cac0f57e7d71457947fc2cad6ff00e7d64ffc047ff0a3fe1656b7ff003eb27fe023ff00851cac0f57a2bca3fe1656b7ff003eb27fe02bff00851ff0b2b5bff9f593ff00015ffc28e5607abe0515e51ff0b2b5bff9f693ff00015ffc28ff008595adff00cfac9ff808ff00e1472b03d5e8af28ff008595adff00cfac9ff808ff00e147fc2cad6ffe7d64ff00c047ff000a39581eaf457947fc2cad6ffe7d64ff00c047ff000a3fe1656b7ff3eb27fe023ff851cac0f57a2bca3fe1656b7ff3eb27fe02bff851ff000b2b5bff009f693ff015ff00c28e5607abd15e51ff000b2b5bff009f693ff015ff00c28ff8595adffcfac9ff00808ffe1472b03d5e8af28ff8595adffcfac9ff00808ffe147fc2cad6ff00e7d64ffc047ff0a39581eaf457947fc2cad6ff00e7d64ffc047ff0a3fe1656b7ff003eb27fe023ff00851cac0f57a2bca3fe1656b7ff003eb27fe023ff00851ff0b2b5bff9f693ff00015ffc28e5607abd15e51ff0b2b5bff9f593ff00015ffc28ff008595adff00cfac9ff80aff00e1472b03d5e8af28ff008595adff00cfac9ff808ff00e147fc2cad6ffe7d64ff00c047ff000a39581eaf457947fc2cad6ffe7d64ff00c047ff000a3fe1656b7ff3eb27fe023ff851cac0f57a2bca3fe1656b7ff3eb27fe02bff851ff000b2b5bff009f693ff015ff00c28e5607abd15e51ff000b2b5bff009f593ff011ff00c28ff8595adffcfac9ff00808ffe1472b03d5e8af28ff8595adffcfac9ff00808ffe147fc2cad6ff00e7d64ffc047ff0a39581eaf457947fc2cad6ff00e7d64ffc047ff0a3fe1656b7ff003eb27fe023ff00851cac0f57a2bca3fe165eb7ff003eb27fe02bff00851472b03b9f1f7857fe138f076afa00bb3a79bf8846b7423f33ca60c1836dee38acdf87fe05bdf0849abdeeabad26bbab6a8f119ae61b44b488246bb51446bc671d4f7aec19be6349d6b074a2e6aa5f55a183a1075556b7bcbfafd44e4532e6e21b4b69ae6e678ed6da04324b71338448900cb3331e0003bd43aa6ab65a1e9b77a96a7770e9fa759c467b9bbb97091c318192ccc7a5789dbd8ea3fb525c457babdb5d68df0761904b65a54a0c573e27753f2cd703aa5af758fabf53c57ab86c37b64ea5595a9c777fa25d5bedd3a9a4a56d3a83cd7ffb544c61b696ef46f82f0c8526b85cc577e29753ca21ea96808e4f593e95ee163636da5d8db58d8db4363656b1ac305adba048a2451855551d001524312411450c51a431448238e28d42a220180aa070001da9f462b15ed9469d2f769c765e7ddf77e7fa0e2ada898e94b4515e7edb141451450015247733443092ba0ff658d4745003e499e4397767ff0078e6994514005145140051451400521a5a43400ef0ec8cba9eb814e09961fc7f775b5e63fa9ac3f0ff00fc8535bffaeb0ffe8badcaee82d08dc5f364f56fce8f3a4fef1fce928abb21585f3a4fef1fce8f364f56fce92947d714590583ce7ce3249a3cc7f53e95e47e24fda1e1f0e78f7c53e0f93c1bab5ceb5a2e9516b16aa93c6a359b7924118fb2e4f2c18e083d315eaf63f69bab1b69ee2ce4b3b89635692d5d83344c47dc247048e991c7153a0c97cd93fbc7f3a3ce93fbc7f3a530bab052bcb0c8e4734e5b791b00264938c0233f951a058679d27f78fe7479d27f78fe74ef25fe5c283bbeefcc39f5a3c8936e4213dbebf4a7a0586f9d27f78fe7479d27f78fe74a2372b9dbc637751d297c9932a3660b70064649f4fad2d02c37cd93fbc7f3a3cd7fef1fce9fe4be01001c8246d60471d79f6a430483f8338c6483c73d28d02c37cd93d4d1e749fde3f9d0ca50e08e7aff00f5e97ca7ca8da4eefa7e34f40b09e749eadf9d1e749fde3f9d3bc9932415c1ce3a8fc0522c6eccca17257af3c0fa9a341584f3a4fef1fce8f3a4fef1fce97c993732ec3b97a8a458d9b6e149ddf77de9683b079d27f78fe7479aff00de3f9d2889f8f97a8c8e472338a3ca7c31da46deb9a7a0ac84f364fef1fce8f364fef1fce9de4bf71b79dbf31039f4fad1e4bee202e483b480c0e0f71f5a5a0ec37ce93fbc7f3a3ce93fbc7f3a7792db41c75e9c8a0c2fbb18e724704751d7f2a340b0df3a4fef1fce8f3a4fef1fce9de4bf3f2e31d7240fa52346caa091807a669e81613ce93fbc7f3a3cc7fef1fce95636285b692a0e091cd2f93274d8471939c600a5a0586f9d27f78fe7479d27f79bf3a7792e0b82a415ea08a3ecf26ec6c3bbb0f5a7a0586f9d27ab7e7479d27f78fe74be5be3257be3b7f9eb4be4c9d02e4e48e08ea3ad164161be749fde3f9d1e749fde3f9d396177c6d42d919c82318a69e0914590ac1e749ea68a4a29f2a1d8e635ad5adf42d1b52d4aedbcbb7b1b796e6427d114b11fa62b8ef821f11afbe2a78061d6b58d29341d5e3b89adafb4d8d8b88194e5304f2772156fc6b47e25f856e7e277c35d5b40b1ba4d39f5cb648659a404ec859879a063f88a8600fbd617c1ff008356df05ef7c4f6ba3ea17579e1ad56782eece0d4a76b8ba82658fcb94bc8df7836148f4c57652a585fecfabed1fef79b4f45ca9fdfcdf81cf4ab2ad0856a7f04927f7aba398b1f0b6b1fb416b916b5e34b09b46f873a7dcf99a47846e3e59b55951b0b777e3fb808ca43d3a135ee2cd923a0006d0aa3000f403b0a42c59892727d68af3b118a96239525cb04b48ad97f9b7d5bd4e951b6e14514571f9941451450014514500145145001451450014514500145145001486968a004f0fff00c8535bff00aeb0ff00e8badcac3f0ff3aaeb7ff5d61ffd175bc23638271cd77c3e1440da29fe51f5a3ca3eb55cc806528a77947d68f28fad1cc80f97ff006928fc47ad78bb4ff18f847c31ac4de25f861796f3e9aa96248f104770e05e5aa3778d63e41fef735cefc435f18eb5e34f16f8aad74af15787f453a26b16d25ccd2b472224964b2db4b9ce1123915a30a06e539c9e6bec41e72eddb2b0dbf77e63c56478bfc2f6fe38f09eafe1cd527ba5d3755b57b3b936b298e5f29c61c2b762477a8e5ea33e4df0df863c4abe0ed6aef49d1bc4d3784f5e834283fb3ee25937b5e18196f2f02eef30dbfcd1960a46e6008e335ccc3e07f88535e684faaf873c57796163e17d3f4af1459a4b24536a7e5ddc8b2496d2ab712a279526072e80835f6f787f418fc33a0e97a3d94f7125a69b6a9676ef7321794448bb5433773818ad2dd32e0895b8e47cc78f7a1440f8cbc55f08755b13f10e5f07e8be21b282dbc49a6a0790cb31b9d08c2a2ed6da367fde7cff003328c13838aa7e3af056bf3eb71f86ac6ffc5fe21f120f0659c9a0ddef681ed2f56fd845732c60ed880400316ce557079afb60095761f30e54e54e4fcbf4f4ae623f877a6c1f12ae7c72975a87f6f5ce9aba4c919b926d4db2b6f03cbc7dedc49ce7ad1ca07cbb79e0ef17c9f178dd43a3f8810a78f66bb8eeb6cbf64991b4dd91dc37cd816eb73821718c92714ebff8613eadfb3af88afafbc3be356f892b6b6d15f5a9b994b4daa2cbb66b8b50adcef42c772fcbb71c57d8ff00bddb8f35b6e36e327a52af9cbb4f987728c06c9c8f61e828e503e2df177c33bcd1fe24eaf6fa1f86fc511784d3c49e1abb896dde7916e2d5109bd507764229397f53c553f06786bc6de198b5ebdbef0b78bb53b766d5e7f0ec56b34b14f66cd77f3dbcea58ee4960dad1b9e400ca306bedd5f397a4ac3b7de3f8d1fbeff9eaddbf88f6e9f951ca0791fecc5a3ebbe1cf87ba8693aedb5ddb4d69ae5e3d935e642c969230921f2f712c114315c31c822bc6aefc1fe29bcf11f8d2ef42d0bc510781ef754d22e756b1bc3245733dbc32482f6de04dc4c8581472e846e5f9457d80d1bb72cf93ea79e294acaccac6462cbd092723e947281f0978d7c01f106f3458e3b7b0f13dbc8be13d7a2b4458249dc4325d86d3ecdcef1b2e0459c3f2ca30335ed9f1b608ad7e13fc23478757b7b04d7347b5bdd32d64759ee2168889a09403b9c923eee73915f40fef954ed95864e4fcc7935cb78f3e1be99f1117434d5ee75087fb1f528b57b46b0b8311fb4c7fead9ce3e6032783eb4b96c23e53f107827e255b7c39f0ce8b69a578a2e2eace7bad574b779d9a5b1b58f505921b593047fa435bee197246d1b7ad5ef8ade3af1078be4f89369a6683e2ebcd27c67a387d1e116924221d46da5012285d482be6c3972471953eb5f64309199cef2371c9009e698b0b2c7146085488feed57a27fbbe94f9467c6b63e08f11ff006d788ee352d0fc4d7be0e6f14c779ab58c62559aeecbfb38240b6ea1b718e2b9ea17193f31ab5ff08f7c4db7bff868759d1fc417fa8e809a75d6a3730c86459ed19a68e6b65c10bbd23688cbbb25b1c74afb08898b29321dcbd0e4e47d3d2917ccc603b2ae7242938cfafd69f281f0cf807e15f881fc0dacdb78cbc33e2ad4258b40d4ae7c312453ce925a4e6697fd0e78c3fcf364c5245213ca9c76a83c75f0a75bb1d26eedbc35e1bf17402f3c11a434af1493bc8fa90bb47b88865fe597606de7d011debeefccd9dde6b6720e727ad27efc0c099c679fbc68e503e2ab1f06f89a1f8bbe3fd46c740f157fc23976bada2d9c91cb12fd964b145b76898b1dec6752123001524b66b37c1bf0f7c7f6b63225f59788eea13a2786575456824b679ec62918ea5671fce77dc6dd9b88c33806bee82663b732b10a720163c7d28633360995b20e47cc783ebf5a5ca07c95e05f873a9eb1f127c076fe28d0bc42be1f4835c6b179e498269f6cd728fa74570c1b89154391bb240201adff00d9ff00c2be35d1be215949addb6a90dd43a6ea09e2ebfbe919adb54bd7b9dd66f6e49dadb63cf2a060706be942b27cc0c870c72464f3432bb28567242f006738fa51ca07cfdf14749d5af3e3c785354f0fe8fe229ef34d4b81a84f6ee62b39ad5ed2408d1c84ecde92607965797607b578ed9e97e21d26db4d3e28d23c5165a06afe30d2ef574b5925dd3c5259ca9756ac376f790489bd864024e457dc611c47b048768390b9e05733e37f879a778fee7c3971aadd6a114ba06a4baad89b2b9317fa4282159f8f98004f1ef47281f29ea7e0df897a7f817c0da5ae99e26bbd47496fed5b4b8339964b6b54d477259be0ff00c7c1b5382cf9caaed1cd60f893c07f112e7c64d7fe1df0ef892d3c271596a86d3c3f7324c6e6e2c5a6432c4d705f315c4e0ccd0af2500033cd7de47cddccdbf193b8804e29bba662dfbc63d18e58f27b53e503e4987c11e29ff84ebc617d76de294d123d2193c3fa6c16ace2eb4b7d3fcb8ed6594b6e49a39f9dbf7f70ce6bcfac7c03e35b4f0b6a115ee89e2ad5f523a1785e3b5db04b6de54b15d06bc84e1cee754fbefd5857deea2519c4adf7b71e4f5f5fad3b74e38f39be9b8e29727988f82bc69e04f18eabe0bf13695a6e85e3093528fc49ae6ad1de32ccb14b66f185b658e3dc373b13b635ce130588afb67c1f1883c1be1e88432db797a6db2182e33e646c225055f3cee0739cf7adcfdff04ccc48391f31a6f96c792d927a9f5a6972811d14ff0028fad155cc07ffd9');

INSERT INTO answers (id, question_id, text, is_true)
VALUES (114, 24, 'границы зон с уровнем радиации ', 1),
       (115, 24, 'границы районов (участков) местности, зараженных ТХ, а также места обнаружения БС ', 1),
       (116, 24, 'границы зон с максимальным уровнем радиации ', 0),
       (117, 24, 'направление обходов зон (районов, участков) радиоактивного и химического заражения и проходы в них  ', 1),

       (118, 25, '5 рад/ч', 0),
       (119, 25, '0,05 рад/ч', 0),
       (120, 25, '50 рад/ч', 0),
       (121, 25, '0,5 рад/ч', 1),

       (122, 26, '1- справа, 2 – слева ', 1),
       (123, 26, '1- слева, 2 – справа ', 0),
       (124, 26, '1 – справа, 2 - справа ', 0),
       (125, 26, '1 – слева, 1 – слева ', 0),

       (126, 27, 'комплекты знаков ограждения ', 1),
       (127, 27, 'комплекты заградительных ограждений ', 0),
       (128, 27, 'комплекты защитной одежды ', 0),
       (129, 27, 'костюм защитный обычный', 0),

       (130, 28, 'пневматические ', 0),
       (131, 28, 'автоматические ', 0),
       (132, 28, 'носимые  ', 1),
       (133, 28, 'возимые ', 1),

       (134, 29, '1 - Район взрыва, 2 – след облака ', 1),
       (135, 29, '1 – эпицентр ЯВ, 2 – радиоактивное заражение почвы  ', 0),
       (136, 29, '1 – район взрыва, 2 – ударная волна   ', 0),
       (137, 29, '1 – эпицентр ЯВ, 2 – проникающая радиация   ', 0);


